Year,Month,Provinces,Region,Occupancy rate,Number of guests (people),Total number of visitors (people),Number of Thai visitors (people),Number of foreign visitors (people),Income from visitors (million baht),Income from Thai visitors (million baht),Income from foreign visitors (million baht)
2019,1,Phangnga,Southern,86.51,128033,536274,151483,384791,6062.06,929.75,5132.31
2019,1,Phatthalung,Southern,68.66,67285,120318,119521,797,181.32,178.81,2.51
2019,1,Phuket,Southern,86.05,1528585,1690776,357769,1333007,55328.2,4770.59,50557.61
2019,1,Ranong,Southern,59.33,85886,110844,103790,7054,368.38,322.82,45.56
2019,1,Satun,Southern,74.9,88512,210906,190827,20079,1762.52,1661.3,101.22
2019,1,Songkhla,Southern,74.85,431256,774786,532223,242563,6531.35,3605.37,2925.98
2019,1,Surat Thani,Southern,75.59,484886,540614,183500,357114,9795.4,1285.97,8509.43
2019,1,Trang,Southern,72.3,131744,173715,149399,24316,1250.16,1029.67,220.49
2019,1,Yala,Southern,52.53,49144,52984,9567,43417,236.37,37.04,199.33
2019,2,Chumphon,Southern,64.59,90836,113700,105149,8551,483.92,443.94,39.98
2019,2,Krabi,Southern,84.72,457421,730767,324352,406415,13653.02,5225.45,8427.57
2019,2,Nakhon Si Thammarat,Southern,64.19,201458,315268,305351,9917,1042.98,1010.99,31.99
2019,2,Narathiwat,Southern,88.33,55708,69325,33515,35810,242.15,88.33,153.82
2019,2,Pattani,Southern,79.58,18467,22939,22661,278,80.81,79.58,1.23
2019,2,Phangnga,Southern,80.32,116365,494610,114972,379638,5769.25,705.66,5063.59
2019,2,Phatthalung,Southern,71.3,67001,119842,119150,692,180.43,178.25,2.18
2019,2,Phuket,Southern,86.38,1370156,1522828,501114,1021714,45433.04,6681.99,38751.05
2019,2,Ranong,Southern,67.5,87811,113355,106278,7077,376.27,330.56,45.71
2019,2,Satun,Southern,78.49,78130,186195,168514,17681,1556.18,1467.05,89.13
2019,2,Songkhla,Southern,71.54,379226,667961,442475,225486,5717.39,2997.4,2719.99
2019,2,Surat Thani,Southern,76.58,468127,525305,211213,314092,8964.45,1480.18,7484.27
2019,2,Trang,Southern,84.56,138665,182852,157529,25323,1315.32,1085.7,229.62
2019,2,Yala,Southern,50.34,49200,53188,11355,41833,236.03,43.97,192.06
2019,3,Chumphon,Southern,67.47,96986,121596,111412,10184,518.02,470.39,47.63
2019,3,Krabi,Southern,80.89,418573,669491,289707,379784,12542.64,4667.3,7875.34
2019,3,Nakhon Si Thammarat,Southern,58.96,221618,348245,334851,13394,1151.87,1108.65,43.22
2019,3,Narathiwat,Southern,77.75,58297,72289,29489,42800,261.58,77.75,183.83
2019,3,Pattani,Southern,86.51,19957,24801,24636,165,87.24,86.51,0.73
2019,3,Phangnga,Southern,81.14,118568,502808,120821,381987,5836.42,741.54,5094.88
2019,3,Phatthalung,Southern,73.36,71762,128439,127955,484,192.98,191.44,1.54
2019,3,Phuket,Southern,85.51,1483133,1645784,477869,1167915,50668.13,6372.03,44296.1
2019,3,Ranong,Southern,67.55,94522,122332,116378,5954,400.44,361.97,38.47
2019,3,Satun,Southern,81.33,92118,220122,200167,19955,1843.21,1742.62,100.59
2019,3,Songkhla,Southern,76.34,394974,677099,425270,251829,5918.62,2880.87,3037.75
2019,3,Surat Thani,Southern,76.57,481231,535019,166757,368262,9943.66,1168.64,8775.02
2019,3,Trang,Southern,81.81,134273,177201,156329,20872,1266.7,1077.42,189.28
2019,3,Yala,Southern,54.73,46601,50066,6902,43164,224.89,26.73,198.16
2019,4,Chumphon,Southern,74.12,117864,135699,127033,8666,707.77,673.5,34.27
2019,4,Krabi,Southern,76.99,387910,747326,246313,501013,9445.72,3434.33,6011.39
2019,4,Nakhon Si Thammarat,Southern,65.96,250183,388286,384477,3809,2012.95,1992.53,20.42
2019,4,Narathiwat,Southern,69.47,65250,69519,26214,43305,363.75,122.91,240.84
2019,4,Pattani,Southern,64.29,26659,27908,27718,190,100.71,99.94,0.77
2019,4,Phangnga,Southern,75.87,91504,469889,153801,316088,4174.7,673.14,3501.56
2019,4,Phatthalung,Southern,67.01,74472,121692,118574,3118,292.98,286,6.98
2019,4,Phuket,Southern,86.2,1153120,1283781,341826,941955,34194.85,3878.37,30316.48
2019,4,Ranong,Southern,69.74,68765,83462,78948,4514,522.29,487.4,34.89
2019,4,Satun,Southern,77.6,74855,121554,97728,23826,523.5,422.45,101.05
2019,4,Songkhla,Southern,85.47,526794,690002,409092,280910,6449.24,3067.87,3381.37
2019,4,Surat Thani,Southern,74.86,443024,489566,215083,274483,7584.97,1729.78,5855.19
2019,4,Trang,Southern,78.31,112250,172032,157263,14769,960.82,840.69,120.13
2019,4,Yala,Southern,62.78,59371,63823,8906,54917,330.45,28.4,302.05
2019,5,Chumphon,Southern,70.09,113917,131108,123214,7894,684.47,653.25,31.22
2019,5,Krabi,Southern,65.34,331406,615062,236314,378748,7839.31,3294.91,4544.4
2019,5,Nakhon Si Thammarat,Southern,65.14,250839,389122,386056,3066,2017.15,2000.71,16.44
2019,5,Narathiwat,Southern,62.35,59793,63667,22440,41227,334.5,105.22,229.28
2019,5,Pattani,Southern,59.84,25054,26215,26118,97,94.56,94.17,0.39
2019,5,Phangnga,Southern,59.66,79288,407912,131544,276368,3637.3,575.73,3061.57
2019,5,Phatthalung,Southern,68.39,77579,127454,123113,4341,306.67,296.95,9.72
2019,5,Phuket,Southern,68.25,839220,930340,92991,837349,28004.85,1055.08,26949.77
2019,5,Ranong,Southern,56.29,56011,67981,64514,3467,425.09,398.29,26.8
2019,5,Satun,Southern,68.51,70882,113147,98821,14326,487.93,427.17,60.76
2019,5,Songkhla,Southern,69.88,425660,558588,334338,224250,5206.62,2507.27,2699.35
2019,5,Surat Thani,Southern,67.07,394486,432897,174696,258201,6912.83,1404.97,5507.86
2019,5,Trang,Southern,62.18,91843,140857,129242,11615,785.38,690.9,94.48
2019,5,Yala,Southern,55.24,55322,59471,8245,51226,308.04,26.29,281.75
2019,6,Chumphon,Southern,66.68,110778,127451,120207,7244,665.96,637.3,28.66
2019,6,Krabi,Southern,53.28,275731,541085,164162,376923,6811.42,2288.91,4522.51
2019,6,Nakhon Si Thammarat,Southern,54.25,209065,324718,320509,4209,1683.59,1661.03,22.56
2019,6,Narathiwat,Southern,51.66,48227,51177,11015,40162,275.04,51.66,223.38
2019,6,Pattani,Southern,81.32,21660,22668,22552,116,81.8,81.32,0.48
2019,6,Phangnga,Southern,55.67,67162,358485,81748,276737,3423.43,357.79,3065.64
2019,6,Phatthalung,Southern,63.89,64655,105663,102934,2729,254.41,248.3,6.11
2019,6,Phuket,Southern,74.97,1061379,1181192,296803,884389,31831.3,3367.54,28463.76
2019,6,Ranong,Southern,54.92,52726,64003,59443,4560,402.25,367,35.25
2019,6,Satun,Southern,59.27,60615,97514,82088,15426,420.27,354.84,65.43
2019,6,Songkhla,Southern,64.88,368099,467937,234785,233152,4567.22,1760.72,2806.5
2019,6,Surat Thani,Southern,58.71,347860,383680,164863,218817,5993.67,1325.91,4667.76
2019,6,Trang,Southern,44.17,61901,94752,86071,8681,530.74,460.13,70.61
2019,6,Yala,Southern,51.8,50676,54492,4224,50268,289.92,13.46,276.46
2019,7,Chumphon,Southern,62.76,124181,174302,161480,12822,859.75,750.34,109.41
2019,7,Krabi,Southern,52.5,277123,355556,155302,200254,5659.62,2387.26,3272.36
2019,7,Nakhon Si Thammarat,Southern,53.58,168746,253286,246443,6843,988.16,959.03,29.13
2019,7,Narathiwat,Southern,52.23,50799,54136,17932,36204,291.14,80.5,210.64
2019,7,Pattani,Southern,53.5,22673,24237,24018,219,107.62,106.71,0.91
2019,7,Phangnga,Southern,46.61,72531,243919,51858,192061,2761.83,186.57,2575.26
2019,7,Phatthalung,Southern,64.53,70790,106525,105390,1135,326.65,322.91,3.74
2019,7,Phuket,Southern,66.17,748133,811130,225708,585422,20503.17,2974.04,17529.13
2019,7,Ranong,Southern,50.18,57228,70961,67454,3507,359.49,333.49,26
2019,7,Satun,Southern,51.34,58483,97396,87896,9500,330.49,293.94,36.55
2019,7,Songkhla,Southern,69.65,413807,644488,391253,253235,5492.2,2866.65,2625.55
2019,7,Surat Thani,Southern,73.71,464073,530400,200672,329728,7403.09,1426.94,5976.15
2019,7,Trang,Southern,39.11,55758,64939,53230,11709,409.61,322.66,86.95
2019,7,Yala,Southern,52.91,57024,58323,14380,43943,289.46,56.94,232.52
2019,8,Chumphon,Southern,52.28,105030,147042,131714,15328,742.83,612.03,130.8
2019,8,Krabi,Southern,51.06,251172,324731,123865,200866,5186.38,1904.02,3282.36
2019,8,Nakhon Si Thammarat,Southern,53.03,205132,306587,300855,5732,1195.17,1170.77,24.4
2019,8,Narathiwat,Southern,78.55,47814,50966,17497,33469,273.28,78.55,194.73
2019,8,Pattani,Southern,86.01,18317,19587,19359,228,86.96,86.01,0.95
2019,8,Phangnga,Southern,39.06,65484,219355,58695,160660,2365.38,211.17,2154.21
2019,8,Phatthalung,Southern,62.31,64799,97428,96133,1295,298.82,294.55,4.27
2019,8,Phuket,Southern,62.11,720398,794213,297163,497050,18798.6,3915.57,14883.03
2019,8,Ranong,Southern,44.6,55280,68441,63856,4585,349.69,315.7,33.99
2019,8,Satun,Southern,40.36,43634,72437,62891,9546,247.04,210.32,36.72
2019,8,Songkhla,Southern,66.49,418228,624598,338345,286253,5446.88,2479,2967.88
2019,8,Surat Thani,Southern,69.35,491537,569418,258032,311386,7478.52,1834.81,5643.71
2019,8,Trang,Southern,39.15,54258,63067,55525,7542,392.58,336.57,56.01
2019,8,Yala,Southern,56.19,62974,64467,21153,43314,312.95,83.76,229.19
2019,9,Chumphon,Southern,54.08,92956,130274,118316,11958,651.82,549.77,102.05
2019,9,Krabi,Southern,57.16,267973,348461,118428,230033,5579.43,1820.43,3759
2019,9,Nakhon Si Thammarat,Southern,57.23,200381,299485,293890,5595,1167.5,1143.67,23.83
2019,9,Narathiwat,Southern,85.82,51463,54861,19116,35745,293.78,85.82,207.96
2019,9,Pattani,Southern,92.86,19752,21119,20903,216,93.74,92.86,0.88
2019,9,Phangnga,Southern,44.41,75322,250752,88895,161857,2490.1,319.84,2170.26
2019,9,Phatthalung,Southern,61.45,62581,94188,93236,952,288.82,285.67,3.15
2019,9,Phuket,Southern,61.45,765910,834314,254797,579517,20709.63,3357.33,17352.3
2019,9,Ranong,Southern,50.63,62471,77355,72288,5067,394.95,357.38,37.57
2019,9,Satun,Southern,39.26,47319,78963,72975,5988,267.08,244.04,23.04
2019,9,Songkhla,Southern,72.91,455115,659685,325538,334147,5849.64,2385.19,3464.45
2019,9,Surat Thani,Southern,68.95,474198,541506,202264,339242,7586.83,1438.29,6148.54
2019,9,Trang,Southern,47.12,64134,74575,64787,9788,465.4,392.7,72.7
2019,9,Yala,Southern,53.28,55453,56726,14724,42002,280.55,58.3,222.25
2019,10,Chumphon,Southern,46.07,82520,102466,96846,5620,554.51,510.38,44.13
2019,10,Krabi,Southern,64.09,348201,550474,195162,355312,10158.9,3354.65,6804.25
2019,10,Nakhon Si Thammarat,Southern,51.98,185615,269000,263721,5279,1164.29,1134.99,29.3
2019,10,Narathiwat,Southern,49.41,45482,49253,20038,29215,191.79,69.73,122.06
2019,10,Pattani,Southern,45.2,18073,22540,22358,182,75.03,74.17,0.86
2019,10,Phangnga,Southern,64.57,119352,506469,209537,296932,5004.57,760.96,4243.61
2019,10,Phatthalung,Southern,61.02,72785,225473,224536,937,410.43,407.93,2.5
2019,10,Phuket,Southern,67.09,1007467,1156536,316689,839847,41618.55,3737.34,37881.21
2019,10,Ranong,Southern,56.07,63762,74448,70661,3787,286.73,267,19.73
2019,10,Satun,Southern,49.81,70618,116331,100431,15900,585.49,483.92,101.57
2019,10,Songkhla,Southern,69.52,446192,576867,350855,226012,4948.43,2470.04,2478.39
2019,10,Surat Thani,Southern,56.38,380032,446040,188851,257189,7257.01,1400.09,5856.92
2019,10,Trang,Southern,64.86,95129,146167,126799,19368,751.75,572.29,179.46
2019,10,Yala,Southern,48.55,57186,65023,18730,46293,302.99,61.23,241.76
2019,11,Chumphon,Southern,52.72,81839,101638,94766,6872,553.37,499.41,53.96
2019,11,Krabi,Southern,68.09,334303,535086,162062,373024,9929.13,2785.7,7143.43
2019,11,Nakhon Si Thammarat,Southern,47.47,171935,249861,241949,7912,1085.19,1041.29,43.9
2019,11,Narathiwat,Southern,46.4,45243,49006,20745,28261,190.27,72.19,118.08
2019,11,Pattani,Southern,45.52,18901,23566,23318,248,78.52,77.35,1.17
2019,11,Phangnga,Southern,68.84,110385,460596,156270,304326,4916.8,567.52,4349.28
2019,11,Phatthalung,Southern,56,63971,198123,197229,894,360.7,358.32,2.38
2019,11,Phuket,Southern,76.12,963468,1106035,302965,803070,39797.79,3575.38,36222.41
2019,11,Ranong,Southern,57.05,64724,75549,71810,3739,290.82,271.34,19.48
2019,11,Satun,Southern,63.91,71919,118420,102754,15666,595.18,495.11,100.07
2019,11,Songkhla,Southern,69.84,455924,578232,317401,260831,5094.72,2234.52,2860.2
2019,11,Surat Thani,Southern,49.34,321592,378375,163608,214767,6103.79,1212.94,4890.85
2019,11,Trang,Southern,64.49,93115,142995,123754,19241,736.84,558.55,178.29
2019,11,Yala,Southern,40.45,51323,58474,12062,46412,281.81,39.43,242.38
2019,12,Chumphon,Southern,54.86,90924,112928,104724,8204,616.33,551.89,64.44
2019,12,Krabi,Southern,86.77,487292,777417,246006,531411,14405.14,4228.61,10176.53
2019,12,Nakhon Si Thammarat,Southern,56.73,192991,280275,272212,8063,1216.29,1171.54,44.75
2019,12,Narathiwat,Southern,50.52,48920,52957,20043,32914,207.25,69.74,137.51
2019,12,Pattani,Southern,50.54,19236,23980,23688,292,79.96,78.58,1.38
2019,12,Phangnga,Southern,72.52,110949,454240,115271,338969,5262.98,418.61,4844.37
2019,12,Phatthalung,Southern,62.88,58461,180987,180064,923,329.6,327.15,2.45
2019,12,Phuket,Southern,82.68,1406031,1619537,511851,1107686,56002.56,6040.51,49962.05
2019,12,Ranong,Southern,60.29,64372,75000,71934,3066,287.78,271.81,15.97
2019,12,Satun,Southern,65.18,74817,123245,106434,16811,620.22,512.83,107.39
2019,12,Songkhla,Southern,66.4,460147,583218,318983,264235,5143.21,2245.67,2897.54
2019,12,Surat Thani,Southern,71.46,459926,527901,179626,348275,9262.9,1331.72,7931.18
2019,12,Trang,Southern,67.15,85793,130411,107799,22612,696.05,486.53,209.52
2019,12,Yala,Southern,44.38,46519,52901,14943,37958,247.09,48.87,198.22
2019,1,Chachoengsao,Eastern,59.4,38687,270438,266707,3731,292.96,288.18,4.78
2019,1,Chanthaburi,Eastern,68.86,118776,257105,250149,6956,844.48,795.71,48.77
2019,1,Chonburi,Eastern,84.33,1343262,1570327,632916,937411,27896.45,3967.44,23929.01
2019,1,Nakhon Nayok,Eastern,68.39,140711,278705,276249,2456,842.49,836.2,6.29
2019,1,Prachin Buri,Eastern,68.57,106063,183846,170721,13125,521.29,479.4,41.89
2019,1,Rayong,Eastern,70.11,377300,650811,581623,69188,2435.41,1980.42,454.99
2019,1,Sa Kaeo,Eastern,56.69,69400,199751,165131,34620,581.6,483.69,97.91
2019,1,Trat,Eastern,80.48,205330,224218,142674,81544,2073.22,900.15,1173.07
2019,2,Chachoengsao,Eastern,65.02,36670,256405,252608,3797,277.81,272.95,4.86
2019,2,Chanthaburi,Eastern,65.38,101232,219047,212941,6106,720.17,677.35,42.82
2019,2,Chonburi,Eastern,87.85,1271425,1511239,686630,824609,25353.71,4304.15,21049.56
2019,2,Nakhon Nayok,Eastern,61.42,126643,251091,248393,2698,758.79,751.88,6.91
2019,2,Prachin Buri,Eastern,64.61,91717,159020,147822,11198,450.84,415.1,35.74
2019,2,Rayong,Eastern,73.23,377905,651157,585709,65448,2424.73,1994.33,430.4
2019,2,Sa Kaeo,Eastern,61.7,71344,201364,172438,28926,586.9,505.09,81.81
2019,2,Trat,Eastern,82.58,198785,217190,142010,75180,1977.49,895.96,1081.53
2019,3,Chachoengsao,Eastern,60.15,38242,267162,264115,3047,289.3,285.4,3.9
2019,3,Chanthaburi,Eastern,70.57,120696,261843,256045,5798,855.13,814.47,40.66
2019,3,Chonburi,Eastern,81.72,1310969,1560331,715337,844994,25984.46,4484.12,21500.34
2019,3,Nakhon Nayok,Eastern,62.09,137325,271686,269899,1787,821.54,816.97,4.57
2019,3,Prachin Buri,Eastern,65,92481,161188,153117,8071,455.72,429.97,25.75
2019,3,Rayong,Eastern,73.54,389729,670764,607490,63274,2484.6,2068.49,416.11
2019,3,Sa Kaeo,Eastern,56.51,73040,204831,177430,27401,597.23,519.72,77.51
2019,3,Trat,Eastern,78.72,203275,222080,144734,77346,2024.07,913.14,1110.93
2019,4,Chachoengsao,Eastern,60.57,43541,310140,308646,1494,491.16,487.72,3.44
2019,4,Chanthaburi,Eastern,63.8,159693,247957,236823,11134,978.89,901.76,77.13
2019,4,Chonburi,Eastern,87.72,1435954,1695445,740825,954620,27090.08,4621.25,22468.83
2019,4,Nakhon Nayok,Eastern,60.49,146607,248112,247138,974,665.33,662.37,2.96
2019,4,Prachin Buri,Eastern,58.27,99003,159781,149579,10202,505.79,445.85,59.94
2019,4,Rayong,Eastern,80.61,461325,764295,729111,35184,3113.67,2801.54,312.13
2019,4,Sa Kaeo,Eastern,62.12,68332,192707,179247,13460,592.3,555.6,36.7
2019,4,Trat,Eastern,73.96,188320,213856,177871,35985,1795.18,1247.86,547.32
2019,5,Chachoengsao,Eastern,61.2,45558,324862,323575,1287,514.28,511.31,2.97
2019,5,Chanthaburi,Eastern,61.53,153920,238905,229036,9869,940.48,872.11,68.37
2019,5,Chonburi,Eastern,82.16,1408665,1690412,817301,873111,25648.65,5098.31,20550.34
2019,5,Nakhon Nayok,Eastern,61.68,149872,253601,252674,927,680.03,677.21,2.82
2019,5,Prachin Buri,Eastern,50.37,99016,161113,153539,7574,502.15,457.65,44.5
2019,5,Rayong,Eastern,80.37,443647,735125,699836,35289,3002.13,2689.06,313.07
2019,5,Sa Kaeo,Eastern,59.5,64045,182432,164882,17550,558.92,511.07,47.85
2019,5,Trat,Eastern,70.52,181493,206074,170707,35367,1735.52,1197.6,537.92
2019,6,Chachoengsao,Eastern,55.57,40885,291289,289940,1349,461.32,458.19,3.13
2019,6,Chanthaburi,Eastern,62.08,153288,238059,226915,11144,941.22,864.03,77.19
2019,6,Chonburi,Eastern,75.51,1272728,1541183,784721,756462,22752.19,4895.04,17857.15
2019,6,Nakhon Nayok,Eastern,61.95,137656,232941,232071,870,624.63,621.99,2.64
2019,6,Prachin Buri,Eastern,51.78,83396,135349,128275,7074,423.91,382.34,41.57
2019,6,Rayong,Eastern,80.49,437564,724951,691326,33625,2954.66,2656.36,298.3
2019,6,Sa Kaeo,Eastern,56.4,64022,182463,164664,17799,558.92,510.39,48.53
2019,6,Trat,Eastern,59.23,145191,164839,136159,28680,1391.31,955.24,436.07
2019,7,Chachoengsao,Eastern,57.48,43081,292809,290878,1931,448.54,443.17,5.37
2019,7,Chanthaburi,Eastern,60.21,131601,166171,158020,8151,583.77,549.33,34.44
2019,7,Chonburi,Eastern,74.36,1106315,1305356,577241,728115,13228.71,3228.75,9999.96
2019,7,Nakhon Nayok,Eastern,69.02,176130,293370,290508,2862,601.52,591.7,9.82
2019,7,Prachin Buri,Eastern,55.6,79951,120794,115064,5730,377.7,357.45,20.25
2019,7,Rayong,Eastern,69.23,308020,586240,540938,45302,2785.33,2333.69,451.64
2019,7,Sa Kaeo,Eastern,54.4,67138,167791,144500,23291,510.54,459.58,50.96
2019,7,Trat,Eastern,54.85,151318,162788,137697,25091,1240.35,881.86,358.49
2019,8,Chachoengsao,Eastern,53.21,38773,263583,261872,1711,403.74,398.98,4.76
2019,8,Chanthaburi,Eastern,50.75,115377,145697,138506,7191,511.88,481.49,30.39
2019,8,Chonburi,Eastern,75.9,1152253,1369703,640705,728998,13595.81,3583.72,10012.09
2019,8,Nakhon Nayok,Eastern,61.3,156790,261140,258775,2365,535.19,527.07,8.12
2019,8,Prachin Buri,Eastern,59.09,82244,124224,118655,5569,388.29,368.61,19.68
2019,8,Rayong,Eastern,58.65,264248,502973,464192,38781,2389.22,2002.59,386.63
2019,8,Sa Kaeo,Eastern,49.24,61546,152869,132671,20198,466.15,421.96,44.19
2019,8,Trat,Eastern,49.82,138192,148666,125771,22895,1132.6,805.48,327.12
2019,9,Chachoengsao,Eastern,53.85,39815,270653,268890,1763,414.57,409.65,4.92
2019,9,Chanthaburi,Eastern,54.4,117448,148287,141054,7233,520.93,490.37,30.56
2019,9,Chonburi,Eastern,72.32,1050750,1252436,597467,654969,12378.57,3341.87,9036.7
2019,9,Nakhon Nayok,Eastern,64.47,161697,269332,266679,2653,552.29,543.18,9.11
2019,9,Prachin Buri,Eastern,59.58,78292,118213,113290,4923,369.36,351.95,17.41
2019,9,Rayong,Eastern,60.55,267300,507120,464670,42450,2427.87,2004.66,423.21
2019,9,Sa Kaeo,Eastern,51.82,64395,159756,138855,20901,487.37,441.64,45.73
2019,9,Trat,Eastern,52.29,142205,152983,129727,23256,1165.93,834.74,331.19
2019,10,Chachoengsao,Eastern,52.12,39094,306601,302219,4382,497.65,489.8,7.85
2019,10,Chanthaburi,Eastern,54.68,142775,190414,184123,6291,615.32,587.53,27.79
2019,10,Chonburi,Eastern,75.37,1220788,1608024,710207,897817,26961.65,5225.05,21736.6
2019,10,Nakhon Nayok,Eastern,58.24,127806,243912,240726,3186,537.17,522.57,14.6
2019,10,Prachin Buri,Eastern,50.45,79860,138975,126770,12205,423.49,361.11,62.38
2019,10,Rayong,Eastern,61.47,309859,662422,620219,42203,4142.75,3657.26,485.49
2019,10,Sa Kaeo,Eastern,52.47,64487,187883,165165,22718,591.75,538.34,53.41
2019,10,Trat,Eastern,64.62,158830,186121,139965,46156,1681.38,965.53,715.85
2019,11,Chachoengsao,Eastern,53.98,40612,318879,315214,3665,517.44,510.87,6.57
2019,11,Chanthaburi,Eastern,52.16,132847,177500,169992,7508,575.61,542.44,33.17
2019,11,Chonburi,Eastern,83.13,1319409,1782680,883767,898913,28265.07,6501.94,21763.13
2019,11,Nakhon Nayok,Eastern,60.46,121675,231927,227993,3934,512.96,494.93,18.03
2019,11,Prachin Buri,Eastern,53.64,81485,142085,130449,11636,431.07,371.59,59.48
2019,11,Rayong,Eastern,64.93,334314,714492,668646,45846,4470.23,3942.83,527.4
2019,11,Sa Kaeo,Eastern,54.29,61306,182713,155533,27180,570.85,506.95,63.9
2019,11,Trat,Eastern,62.98,153704,180003,131056,48947,1663.22,904.08,759.14
2019,12,Chachoengsao,Eastern,49.81,37466,293910,289895,4015,477.01,469.81,7.2
2019,12,Chanthaburi,Eastern,58.39,145003,193495,186546,6949,625.96,595.25,30.71
2019,12,Chonburi,Eastern,84.38,1270383,1715784,849229,866555,27172.99,6247.84,20925.15
2019,12,Nakhon Nayok,Eastern,59.38,125172,238714,235053,3661,527.03,510.25,16.78
2019,12,Prachin Buri,Eastern,55.28,84927,147991,135584,12407,449.64,386.22,63.42
2019,12,Rayong,Eastern,65.78,332269,707029,656839,50190,4450.59,3873.21,577.38
2019,12,Sa Kaeo,Eastern,58.15,70987,210384,180521,29863,658.61,588.4,70.21
2019,12,Trat,Eastern,65.85,170268,199433,146422,53011,1833.46,1010.08,823.38
2020,4,Amnat Charoen,Northeastern,0.08,11,11,11,0,0.01,0.01,0
2020,4,Ang Thong,Central,0,0,0,0,0,0,0,0
2020,4,Bueng Kan,Northeastern,0,0,0,0,0,0,0,0
2020,4,Buriram,Northeastern,0.08,117,117,117,0,0.06,0.06,0
2020,4,Chachoengsao,Eastern,0,0,0,0,0,0,0,0
2020,4,Chai Nat,Central,0,0,0,0,0,0,0,0
2020,4,Chaiyaphum,Northeastern,0.05,67,67,67,0,0.03,0.03,0
2020,4,Chanthaburi,Eastern,0,0,0,0,0,0,0,0
2020,4,Chumphon,Southern,0.06,74,74,74,0,0.17,0.17,0
2020,4,Kalasin,Northeastern,0.12,38,38,38,0,0.04,0.04,0
2020,4,Kanchanaburi,Central,0,0,0,0,0,0,0,0
2020,4,Khon Kaen,Northeastern,0.07,245,245,245,0,0.37,0.37,0
2020,4,Lampang,Northern,4.76,1493,1493,1493,0,3.78,3.78,0
2020,4,Lamphun,Northern,2.08,408,408,408,0,0.34,0.34,0
2020,4,Loei,Northeastern,0,0,0,0,0,0,0,0
2020,4,Lop Buri,Central,0.09,40,40,40,0,0.07,0.07,0
2020,4,Maha Sarakham,Northeastern,0,0,0,0,0,0,0,0
2020,4,Mukdahan,Northeastern,0.13,114,114,114,0,0.07,0.07,0
2020,4,Nakhon Nayok,Eastern,0,0,0,0,0,0,0,0
2020,4,Nakhon Pathom,Central,1.34,637,637,637,0,0.45,0.45,0
2020,4,Nakhon Phanom,Northeastern,0.25,143,143,143,0,0.12,0.12,0
2020,4,Nakhon Ratchasima,Northeastern,0.04,280,280,280,0,0.25,0.25,0
2020,4,Nakhon Si Thammarat,Southern,0.05,152,152,152,0,0.22,0.22,0
2020,4,Nan,Northern,0,0,0,0,0,0,0,0
2020,4,Nong Bua Lamphu,Northeastern,0,0,0,0,0,0,0,0
2020,4,Nong Khai,Northeastern,0.02,36,36,36,0,0.03,0.03,0
2020,4,Nonthaburi,Central,0,0,0,0,0,0,0,0
2020,4,Pathum Thani,Central,0.24,163,163,163,0,0.12,0.12,0
2020,4,Phatthalung,Southern,0.24,154,154,154,0,0.22,0.22,0
2020,4,Phrae,Northern,1.37,328,328,328,0,0.36,0.36,0
2020,4,Ratchaburi,Central,2.33,1726,1726,1726,0,2.43,2.43,0
2020,4,Rayong,Eastern,0,0,0,0,0,0,0,0
2020,4,Sa Kaeo,Eastern,0,0,0,0,0,0,0,0
2020,4,Sakon Nakhon,Northeastern,0.06,70,70,70,0,0.05,0.05,0
2020,4,Samut Prakan,Central,0,0,0,0,0,0,0,0
2020,4,Samut Sakhon,Central,1.13,289,289,289,0,0.41,0.41,0
2020,4,Saraburi,Central,1.26,416,416,416,0,0.5,0.5,0
2020,4,Si Sa Ket,Northeastern,0.07,40,40,40,0,0.03,0.03,0
2020,4,Sing Buri,Central,0.64,81,81,81,0,0.07,0.07,0
2020,4,Suphan Buri,Central,0,0,0,0,0,0,0,0
2020,4,Surin,Northeastern,0,0,0,0,0,0,0,0
2020,4,Tak,Northern,2.94,2156,2156,2156,0,6.75,6.75,0
2020,4,Ubon Ratchathani,Northeastern,0.06,98,98,98,0,0.12,0.12,0
2020,4,Udon Thani,Northeastern,0,0,0,0,0,0,0,0
2020,4,Uthai Thani,Northern,0.26,0,0,0,0,0.08,0.08,0
2020,4,Yasothon,Northeastern,0,0,0,0,0,0,0,0
2020,5,Amnat Charoen,Northeastern,4.93,657,657,657,0,0.67,0.67,0
2020,5,Ang Thong,Central,2.18,520,520,520,0,0.54,0.54,0
2020,5,Ayutthaya,Central,1.61,1269,1269,1269,0,2.4,2.4,0
2020,5,Bueng Kan,Northeastern,2.33,958,958,958,0,1.16,1.16,0
2020,5,Buriram,Northeastern,0.84,1331,1331,1331,0,1.6,1.6,0
2020,5,Chachoengsao,Eastern,0.68,496,496,496,0,0.64,0.64,0
2020,5,Chai Nat,Central,1.76,531,531,531,0,0.66,0.66,0
2020,5,Chaiyaphum,Northeastern,1.93,1948,1948,1948,0,2,2,0
2020,5,Chanthaburi,Eastern,0,0,0,0,0,0,0,0
2020,5,Chumphon,Southern,0.14,249,249,249,0,0.77,0.77,0
2020,5,Kalasin,Northeastern,3.44,1112,1112,1112,0,1.72,1.72,0
2020,5,Kamphaeng Phet,Northern,6.36,1924,1924,1924,0,3.82,3.82,0
2020,5,Kanchanaburi,Central,5.57,24727,24727,24727,0,50.09,50.09,0
2020,5,Khon Kaen,Northeastern,3.98,9869,9869,9869,0,22.85,22.85,0
2020,5,Lampang,Northern,11.03,3720,3720,3720,0,9.35,9.35,0
2020,5,Lamphun,Northern,14.95,2633,2633,2633,0,3,3,0
2020,5,Loei,Northeastern,1.43,2514,2514,2514,0,3.86,3.86,0
2020,5,Lop Buri,Central,0.63,538,538,538,0,0.8,0.8,0
2020,5,Mae Hong Son,Northern,4.51,629,629,629,0,2.18,2.18,0
2020,5,Maha Sarakham,Northeastern,1.44,1022,1022,1022,0,1.77,1.77,0
2020,5,Mukdahan,Northeastern,1.26,1172,1172,1172,0,1.36,1.36,0
2020,5,Nakhon Nayok,Eastern,1.1,2663,2663,2663,0,5.31,5.31,0
2020,5,Nakhon Pathom,Central,3.14,1870,1870,1870,0,2.13,2.13,0
2020,5,Nakhon Phanom,Northeastern,2.77,1704,1704,1704,0,2.76,2.76,0
2020,5,Nakhon Ratchasima,Northeastern,1.21,7709,7709,7709,0,14,14,0
2020,5,Nakhon Si Thammarat,Southern,0.03,101,101,101,0,0.21,0.21,0
2020,5,Nan,Northern,1.55,1569,1569,1569,0,4.12,4.12,0
2020,5,Narathiwat,Southern,0.13,115,115,115,0,0.43,0.43,0
2020,5,Nong Bua Lamphu,Northeastern,0.84,196,196,196,0,0.17,0.17,0
2020,5,Nong Khai,Northeastern,2.64,4234,4234,4234,0,7.57,7.57,0
2020,5,Nonthaburi,Central,1.03,1277,1277,1277,0,1.81,1.81,0
2020,5,Pathum Thani,Central,1.03,976,976,976,0,1.16,1.16,0
2020,5,Pattani,Southern,0.69,316,316,316,0,0.95,0.95,0
2020,5,Phatthalung,Southern,0.09,119,119,119,0,0.21,0.21,0
2020,5,Phetchabun,Northern,8.58,5739,5739,5739,0,14.11,14.11,0
2020,5,Phichit,Northern,4.89,1867,1867,1867,0,2.09,2.09,0
2020,5,Phrae,Northern,11.9,2968,2968,2968,0,4.3,4.3,0
2020,5,Ratchaburi,Central,3.7,4086,4086,4086,0,5.54,5.54,0
2020,5,Rayong,Eastern,0.87,4885,4885,4885,0,15.3,15.3,0
2020,5,Sa Kaeo,Eastern,0,0,0,0,0,0,0,0
2020,5,Sakon Nakhon,Northeastern,1.3,1643,1643,1643,0,2.47,2.47,0
2020,5,Samut Prakan,Central,0,0,0,0,0,0,0,0
2020,5,Samut Sakhon,Central,1.63,939,939,939,0,1.39,1.39,0
2020,5,Samut Songkhram,Central,2.73,2212,2212,2212,0,2.68,2.68,0
2020,5,Saraburi,Central,2.29,1053,1053,1053,0,1.24,1.24,0
2020,5,Si Sa Ket,Northeastern,3.34,1720,1720,1720,0,1.75,1.75,0
2020,5,Sing Buri,Central,4.17,914,914,914,0,0.86,0.86,0
2020,5,Suphan Buri,Central,1.19,1157,1157,1157,0,1.99,1.99,0
2020,5,Surin,Northeastern,0.67,871,871,871,0,1.4,1.4,0
2020,5,Tak,Northern,5.61,5214,5214,5214,0,13.92,13.92,0
2020,5,Ubon Ratchathani,Northeastern,4.97,6945,6945,6945,0,11.9,11.9,0
2020,5,Udon Thani,Northeastern,2.19,5120,5120,5120,0,10.88,10.88,0
2020,5,Uthai Thani,Northern,5.83,1117,1117,1117,0,1.49,1.49,0
2020,5,Yasothon,Northeastern,2.95,739,739,739,0,1.07,1.07,0
2020,6,Amnat Charoen,Northeastern,10.27,1129,4098,4098,0,4.62,4.62,0
2020,6,Ang Thong,Central,5.18,1176,3606,3606,0,3.86,3.86,0
2020,6,Bueng Kan,Northeastern,7.81,2978,6849,6849,0,8.44,8.44,0
2020,6,Buriram,Northeastern,5.27,8140,17167,17167,0,20.51,20.51,0
2020,6,Chachoengsao,Eastern,9.16,5049,54880,54880,0,74.91,74.91,0
2020,6,Chai Nat,Central,12.61,3565,10667,10667,0,13.49,13.49,0
2020,6,Chaiyaphum,Northeastern,9.94,11349,23988,23988,0,25.39,25.39,0
2020,6,Chanthaburi,Eastern,22.7,38357,58033,58033,0,185.42,185.42,0
2020,6,Chumphon,Southern,9.28,17285,19097,19097,0,89.81,89.81,0
2020,6,Kalasin,Northeastern,11.61,3736,9547,9547,0,15.35,15.35,0
2020,6,Kanchanaburi,Central,19.85,79142,340607,340607,0,722.31,722.31,0
2020,6,Khon Kaen,Northeastern,12.28,41215,93020,93020,0,220.82,220.82,0
2020,6,Krabi,Southern,3.84,20782,27614,27614,0,342.82,342.82,0
2020,6,Loei,Northeastern,2.42,4036,7337,7337,0,11.37,11.37,0
2020,6,Lop Buri,Central,14.68,9170,19370,19370,0,29.65,29.65,0
2020,6,Maha Sarakham,Northeastern,8.94,6077,10524,10524,0,19.02,19.02,0
2020,6,Mukdahan,Northeastern,5.39,4611,14353,14353,0,17.34,17.34,0
2020,6,Nakhon Nayok,Eastern,15.37,21178,98644,98644,0,195.04,195.04,0
2020,6,Nakhon Pathom,Central,16.08,15048,31488,31488,0,38.17,38.17,0
2020,6,Nakhon Phanom,Northeastern,8.4,4922,13180,13180,0,21.91,21.91,0
2020,6,Nakhon Ratchasima,Northeastern,15.65,120991,222562,222562,0,417.38,417.38,0
2020,6,Nakhon Si Thammarat,Southern,15.57,59278,96626,96626,0,278.37,278.37,0
2020,6,Narathiwat,Southern,5.12,4384,4649,4649,0,17.91,17.91,0
2020,6,Nong Bua Lamphu,Northeastern,2.39,570,1287,1287,0,1.23,1.23,0
2020,6,Nong Khai,Northeastern,10.54,16009,38143,38143,0,68.67,68.67,0
2020,6,Nonthaburi,Central,11.82,11994,77935,77935,0,97.9,97.9,0
2020,6,Pathum Thani,Central,6.85,4852,20678,20678,0,23.7,23.7,0
2020,6,Pattani,Southern,11.57,5269,5635,5635,0,17.02,17.02,0
2020,6,Phatthalung,Southern,8.73,9968,18917,18917,0,33.23,33.23,0
2020,6,Phetchaburi,Central,20.63,85094,205704,205704,0,486.74,486.74,0
2020,6,Phichit,Northern,17.84,5413,15184,15184,0,17.24,17.24,0
2020,6,Phrae,Northern,15.48,4764,15552,15552,0,23.5,23.5,0
2020,6,Ranong,Southern,6.35,6606,7834,7834,0,41.52,41.52,0
2020,6,Ratchaburi,Central,17.92,18612,90264,90264,0,124.72,124.72,0
2020,6,Rayong,Eastern,20.7,69574,101527,101527,0,328.7,328.7,0
2020,6,Roi Et,Northeastern,8.06,5764,14020,14020,0,18.71,18.71,0
2020,6,Sa Kaeo,Eastern,8.97,11454,30635,30635,0,81.2,81.2,0
2020,6,Sakon Nakhon,Northeastern,8.97,10308,38428,38428,0,36.14,36.14,0
2020,6,Samut Prakan,Central,7.74,8758,51035,51035,0,64.68,64.68,0
2020,6,Samut Songkhram,Central,15.37,13522,43328,43328,0,55.12,55.12,0
2020,6,Saraburi,Central,18.41,14939,30295,30295,0,37.05,37.05,0
2020,6,Satun,Southern,8.21,8553,11785,11785,0,44.75,44.75,0
2020,6,Si Sa Ket,Northeastern,21.84,10607,56462,56462,0,58.99,58.99,0
2020,6,Sing Buri,Central,10.67,2282,8146,8146,0,7.83,7.83,0
2020,6,Songkhla,Southern,12.57,69774,84154,84154,0,572,572,0
2020,6,Suphan Buri,Central,17.77,19461,55206,55206,0,96.21,96.21,0
2020,6,Surin,Northeastern,14.69,19845,28805,28805,0,50.24,50.24,0
2020,6,Trang,Southern,3.51,4399,6886,6886,0,30.11,30.11,0
2020,6,Ubon Ratchathani,Northeastern,18.68,29823,76269,76269,0,133.74,133.74,0
2020,6,Udon Thani,Northeastern,10.42,23073,44152,44152,0,96.65,96.65,0
2020,6,Uthai Thani,Northern,17.63,5119,14232,14232,0,19.63,19.63,0
2020,6,Uttaradit,Northern,19.57,10164,14356,14356,0,28.98,28.98,0
2020,6,Yala,Southern,4.1,2873,2999,2999,0,7.76,7.76,0
2020,6,Yasothon,Northeastern,10.16,2661,9757,9757,0,14.86,14.86,0
2020,7,Amnat Charoen,Northeastern,22.78,3394,9355,9355,0,8.54,8.54,0
2020,7,Ang Thong,Central,13.86,3358,22839,22839,0,21.49,21.49,0
2020,7,Bueng Kan,Northeastern,34.65,15582,25969,25969,0,40.72,40.72,0
2020,7,Buriram,Northeastern,28.44,44028,70976,70976,0,110.66,110.66,0
2020,7,Chachoengsao,Eastern,18.21,10458,234565,234565,0,320.16,320.16,0
2020,7,Chai Nat,Central,32.16,9911,25771,25771,0,34.43,34.43,0
2020,7,Chaiyaphum,Northeastern,26.17,37967,95381,95381,0,77.99,77.99,0
2020,7,Chanthaburi,Eastern,44.26,99791,118938,118938,0,369.49,369.49,0
2020,7,Chumphon,Southern,30.32,60372,78926,78926,0,321.99,321.99,0
2020,7,Kalasin,Northeastern,22.89,8702,39629,39629,0,47.79,47.79,0
2020,7,Kanchanaburi,Central,53.35,189925,673801,673801,0,1497.22,1497.22,0
2020,7,Khon Kaen,Northeastern,35.96,123572,214340,214340,0,670.26,670.26,0
2020,7,Lop Buri,Central,25.7,16692,102112,102112,0,120.97,120.97,0
2020,7,Maha Sarakham,Northeastern,32.41,25394,42096,42096,0,42.91,42.91,0
2020,7,Mukdahan,Northeastern,12.45,9603,35603,35603,0,56.12,56.12,0
2020,7,Nakhon Nayok,Eastern,50.04,127667,212347,212347,0,337.42,337.42,0
2020,7,Nakhon Pathom,Central,34.25,54016,151963,151963,0,187.78,187.78,0
2020,7,Nakhon Phanom,Northeastern,35.5,22314,52162,52162,0,83.11,83.11,0
2020,7,Nakhon Ratchasima,Northeastern,42.22,299236,533779,533779,0,1259.37,1259.37,0
2020,7,Nakhon Si Thammarat,Southern,47.65,153194,225755,225755,0,599.3,599.3,0
2020,7,Narathiwat,Southern,9.32,8946,9596,9596,0,37.33,37.33,0
2020,7,Nong Bua Lamphu,Northeastern,25.11,6194,13453,13453,0,12.84,12.84,0
2020,7,Nong Khai,Northeastern,34.29,53929,85296,85296,0,184.92,184.92,0
2020,7,Pathum Thani,Central,11.4,7901,33585,33585,0,36.05,36.05,0
2020,7,Pattani,Southern,12.57,5164,5723,5723,0,22.52,22.52,0
2020,7,Phatthalung,Southern,36.48,39826,66918,66918,0,168.64,168.64,0
2020,7,Phetchaburi,Central,56.54,266442,607071,607071,0,1644.77,1644.77,0
2020,7,Phichit,Northern,35.06,17954,45379,45379,0,53.08,53.08,0
2020,7,Phrae,Northern,42.63,15832,40449,40449,0,65.9,65.9,0
2020,7,Ranong,Southern,18.63,21337,25423,25423,0,117.44,117.44,0
2020,7,Ratchaburi,Central,47.94,64624,181836,181836,0,299,299,0
2020,7,Rayong,Eastern,20.51,91020,151151,151151,0,562.69,562.69,0
2020,7,Roi Et,Northeastern,33.07,26049,47257,47257,0,68.37,68.37,0
2020,7,Sa Kaeo,Eastern,42.97,53142,116086,116086,0,345.11,345.11,0
2020,7,Sakon Nakhon,Northeastern,19.93,18759,39995,39995,0,41.47,41.47,0
2020,7,Samut Prakan,Central,10.27,10395,62080,62080,0,82.66,82.66,0
2020,7,Samut Sakhon,Central,19.85,16488,38235,38235,0,41.37,41.37,0
2020,7,Samut Songkhram,Central,46.1,42803,105053,105053,0,138.01,138.01,0
2020,7,Saraburi,Central,35.43,36631,113819,113819,0,121.74,121.74,0
2020,7,Si Sa Ket,Northeastern,33.56,18680,69681,69681,0,68.03,68.03,0
2020,7,Sing Buri,Central,22.74,5357,22053,22053,0,30.6,30.6,0
2020,7,Suphan Buri,Central,45.16,36348,142273,142273,0,199.88,199.88,0
2020,7,Surin,Northeastern,27.25,42214,55286,55286,0,92.27,92.27,0
2020,7,Trang,Southern,25.35,34768,40841,40841,0,225.69,225.69,0
2020,7,Ubon Ratchathani,Northeastern,31.82,57259,98066,98066,0,200.11,200.11,0
2020,7,Udon Thani,Northeastern,42.03,102440,193043,193043,0,503.69,503.69,0
2020,7,Uthai Thani,Northern,40.85,17973,37828,37828,0,58.24,58.24,0
2020,7,Uttaradit,Northern,32.1,25148,53805,53805,0,98.91,98.91,0
2020,7,Yala,Southern,10.43,11132,11438,11438,0,39.64,39.64,0
2020,7,Yasothon,Northeastern,24.8,7748,24375,24375,0,21.37,21.37,0
2020,8,Amnat Charoen,Northeastern,25.3,3835,10571,10571,0,8.69,8.69,0
2020,8,Ang Thong,Central,16.89,4140,23777,23777,0,21.25,21.25,0
2020,8,Chachoengsao,Eastern,21.19,14665,232378,232378,0,285.46,285.46,0
2020,8,Chai Nat,Central,34.68,10732,33572,33572,0,40.37,40.37,0
2020,8,Chaiyaphum,Northeastern,27.8,30318,77766,77766,0,57.23,57.23,0
2020,8,Chanthaburi,Eastern,33.66,73812,91373,91373,0,255.47,255.47,0
2020,8,Chumphon,Southern,27.3,56495,71639,71639,0,263.04,263.04,0
2020,8,Kalasin,Northeastern,24.92,8932,40650,40650,0,44.12,44.12,0
2020,8,Lop Buri,Central,29.78,21302,151468,151468,0,163.29,163.29,0
2020,8,Maha Sarakham,Northeastern,34.73,28403,47184,47184,0,43.29,43.29,0
2020,8,Mukdahan,Northeastern,19.15,14839,55015,55015,0,78.05,78.05,0
2020,8,Nakhon Nayok,Eastern,50.75,136131,226425,226425,0,323.81,323.81,0
2020,8,Nakhon Pathom,Central,36.82,56197,171185,171185,0,190.38,190.38,0
2020,8,Nakhon Si Thammarat,Southern,38.19,144645,212456,212456,0,507.6,507.6,0
2020,8,Narathiwat,Southern,10.58,9538,9929,9929,0,34.76,34.76,0
2020,8,Pathum Thani,Central,18.27,12316,47798,47798,0,46.18,46.18,0
2020,8,Pattani,Southern,17.45,7539,8944,8944,0,31.68,31.68,0
2020,8,Phatthalung,Southern,38.54,40446,66219,66219,0,150.19,150.19,0
2020,8,Phichit,Northern,37.43,19652,43919,43919,0,48.8,48.8,0
2020,8,Phrae,Northern,39.76,14996,35156,35156,0,54.41,54.41,0
2020,8,Ranong,Southern,16.85,20900,24734,24734,0,102.83,102.83,0
2020,8,Ratchaburi,Central,44.16,60292,164461,164461,0,243.39,243.39,0
2020,8,Rayong,Eastern,26.01,105226,208281,208281,0,697.83,697.83,0
2020,8,Roi Et,Northeastern,37.44,33945,61782,61782,0,80.45,80.45,0
2020,8,Sa Kaeo,Eastern,31.23,44696,98646,98646,0,263.94,263.94,0
2020,8,Samut Prakan,Central,16.13,20160,73284,73284,0,87.82,87.82,0
2020,8,Samut Sakhon,Central,21.69,18173,42363,42363,0,41.25,41.25,0
2020,8,Samut Songkhram,Central,46.46,43662,106969,106969,0,126.47,126.47,0
2020,8,Saraburi,Central,37.53,42396,137302,137302,0,132.17,132.17,0
2020,8,Si Sa Ket,Northeastern,35.95,19660,70126,70126,0,61.62,61.62,0
2020,8,Sing Buri,Central,23.4,5862,22555,22555,0,28.17,28.17,0
2020,8,Suphan Buri,Central,43.88,36057,122193,122193,0,154.5,154.5,0
2020,8,Trang,Southern,24.16,32809,38227,38227,0,190.12,190.12,0
2020,8,Uthai Thani,Northern,38.51,16988,34667,34667,0,48.04,48.04,0
2020,8,Uttaradit,Northern,30.67,23979,49910,49910,0,82.57,82.57,0
2020,8,Yala,Southern,18.63,20592,13742,13742,0,42.86,42.86,0
2020,8,Yasothon,Northeastern,26.7,8813,28076,28076,0,22.15,22.15,0
2020,9,Amnat Charoen,Northeastern,26.26,4239,11684,11684,0,10.96,10.96,0
2020,9,Ang Thong,Central,19.23,4777,29486,29486,0,29.17,29.17,0
2020,9,Chai Nat,Central,36.33,12546,38038,38038,0,45.83,45.83,0
2020,9,Chaiyaphum,Northeastern,28.85,35629,89038,89038,0,71.16,71.16,0
2020,9,Chanthaburi,Eastern,35.72,76157,94781,94781,0,261.74,261.74,0
2020,9,Chumphon,Southern,25.21,44841,61950,61950,0,229.24,229.24,0
2020,9,Kalasin,Northeastern,26.79,9798,42973,42973,0,51.66,51.66,0
2020,9,Maha Sarakham,Northeastern,35.2,26442,43933,43933,0,47.41,47.41,0
2020,9,Mukdahan,Northeastern,20.54,15281,56654,56654,0,89.5,89.5,0
2020,9,Nakhon Nayok,Eastern,49.28,135272,227497,227497,0,395.19,395.19,0
2020,9,Nakhon Si Thammarat,Southern,58.51,202468,299277,299277,0,1057.64,1057.64,0
2020,9,Narathiwat,Southern,11.29,11087,12024,12024,0,48.79,48.79,0
2020,9,Nonthaburi,Central,28.81,35600,121052,121052,0,128.87,128.87,0
2020,9,Pathum Thani,Central,21.82,14656,49557,49557,0,49.95,49.95,0
2020,9,Pattani,Southern,19.67,8362,9424,9424,0,39.87,39.87,0
2020,9,Phatthalung,Southern,41.48,42766,69178,69178,0,187.32,187.32,0
2020,9,Phichit,Northern,39.28,21069,48874,48874,0,62.91,62.91,0
2020,9,Phrae,Northern,42.23,16527,38684,38684,0,65.22,65.22,0
2020,9,Prachin Buri,Eastern,40.85,53087,81627,81627,0,227.68,227.68,0
2020,9,Ranong,Southern,15.63,19360,25234,25234,0,96.03,96.03,0
2020,9,Ratchaburi,Central,44.55,56962,158522,158522,0,234.97,234.97,0
2020,9,Rayong,Eastern,28.63,109834,216172,216172,0,787.22,787.22,0
2020,9,Roi Et,Northeastern,37.59,31188,56781,56781,0,77.26,77.26,0
2020,9,Sa Kaeo,Eastern,30.3,40770,89981,89981,0,265.14,265.14,0
2020,9,Samut Prakan,Central,18.54,22593,85852,85852,0,109.14,109.14,0
2020,9,Samut Songkhram,Central,46.85,43315,107171,107171,0,127.17,127.17,0
2020,9,Saraburi,Central,39.45,43543,145325,145325,0,144.92,144.92,0
2020,9,Si Sa Ket,Northeastern,37.55,20868,77843,77843,0,75.38,75.38,0
2020,9,Sing Buri,Central,26.74,6051,21157,21157,0,27.23,27.23,0
2020,9,Trang,Southern,26.31,35970,42573,42573,0,243.62,243.62,0
2020,9,Uthai Thani,Northern,39.47,18280,37596,37596,0,57.77,57.77,0
2020,9,Uttaradit,Northern,32.8,24825,50455,50455,0,96.87,96.87,0
2020,9,Yala,Southern,17.58,15161,15621,15621,0,55.42,55.42,0
2020,9,Yasothon,Northeastern,28.9,10286,32711,32711,0,28.48,28.48,0
2020,10,Amnat Charoen,Northeastern,30.56,4958,21185,21185,0,30.26,30.26,0
2020,10,Ang Thong,Central,18.1,3874,33934,33934,0,36.24,36.24,0
2020,10,Chai Nat,Central,33.06,11344,44297,44297,0,61.13,61.13,0
2020,10,Chaiyaphum,Northeastern,34.78,42963,79812,79812,0,108.71,108.71,0
2020,10,Chumphon,Southern,24.45,45888,60438,60438,0,255.5,255.5,0
2020,10,Kalasin,Northeastern,31.81,13205,36885,36885,0,51.08,51.08,0
2020,10,Maha Sarakham,Northeastern,38.98,29691,57995,57995,0,79.38,79.38,0
2020,10,Mukdahan,Northeastern,27.67,21890,82545,82545,0,117.39,117.39,0
2020,10,Narathiwat,Southern,12.47,11558,12772,12772,0,39.65,39.65,0
2020,10,Pathum Thani,Central,20.43,20856,85682,85682,0,125.82,125.82,0
2020,10,Pattani,Southern,20.69,8356,10431,10431,0,32.69,32.69,0
2020,10,Phatthalung,Southern,42.59,51359,94535,94535,0,153.8,153.8,0
2020,10,Phichit,Northern,41.84,24127,51451,51451,0,89.29,89.29,0
2020,10,Phrae,Northern,46.71,20972,50003,50003,0,95.04,95.04,0
2020,10,Ranong,Southern,17.59,19794,26211,26211,0,75.14,75.14,0
2020,10,Roi Et,Northeastern,39.26,31714,82471,82471,0,108.98,108.98,0
2020,10,Sa Kaeo,Eastern,24.56,28817,76507,76507,0,233.99,233.99,0
2020,10,Si Sa Ket,Northeastern,38.79,22611,62950,62950,0,81.67,81.67,0
2020,10,Sing Buri,Central,29.36,6761,28431,28431,0,49.07,49.07,0
2020,10,Trang,Southern,30.82,44720,58211,58211,0,250.86,250.86,0
2020,10,Uthai Thani,Northern,41.82,19683,52004,52004,0,88.66,88.66,0
2020,10,Uttaradit,Northern,39.56,44047,63381,63381,0,105.38,105.38,0
2020,10,Yala,Southern,53.22,61588,79382,79382,0,215.43,215.43,0
2020,10,Yasothon,Northeastern,31.29,10449,32081,32081,0,32.2,32.2,0
2020,11,Amnat Charoen,Northeastern,30.87,5787,24560,24560,0,35.23,35.23,0
2020,11,Ang Thong,Central,19.31,4972,35703,35703,0,36.63,36.63,0
2020,11,Chai Nat,Central,39.87,15316,54630,54630,0,77.01,77.01,0
2020,11,Chaiyaphum,Northeastern,36.31,61301,107475,107475,0,151.24,151.24,0
2020,11,Kalasin,Northeastern,32.83,16513,45250,45250,0,63.44,63.44,0
2020,11,Maha Sarakham,Northeastern,43.34,36067,66610,66610,0,94.86,94.86,0
2020,11,Mukdahan,Northeastern,32.02,26608,100551,100551,0,142.87,142.87,0
2020,11,Phichit,Northern,41.03,28804,62797,62797,0,112.09,112.09,0
2020,11,Roi Et,Northeastern,39.22,30810,80332,80332,0,105.96,105.96,0
2020,11,Si Sa Ket,Northeastern,37.54,23829,66341,66341,0,86.07,86.07,0
2020,11,Sing Buri,Central,32.72,8942,35046,35046,0,61.05,61.05,0
2020,11,Uttaradit,Northern,47.1,56736,81062,81062,0,139.88,139.88,0
2020,11,Yasothon,Northeastern,30.47,9860,30272,30272,0,30.38,30.38,0
2020,12,Amnat Charoen,Northeastern,35.68,6690,28237,28237,0,40.65,40.65,0
2020,12,Ang Thong,Central,17.94,5061,38975,38975,0,42.8,42.8,0
2020,12,Chai Nat,Central,33.54,13468,49823,49823,0,70.75,70.75,0
2020,12,Chaiyaphum,Northeastern,37.89,63667,111044,111044,0,156.72,156.72,0
2020,12,Kalasin,Northeastern,34.07,15834,44089,44089,0,61.19,61.19,0
2020,12,Maha Sarakham,Northeastern,41.13,33643,65449,65449,0,89.84,89.84,0
2020,12,Mukdahan,Northeastern,34.18,27225,102663,102663,0,146,146,0
2020,12,Phatthalung,Southern,40.93,45437,69140,69140,0,118.89,118.89,0
2020,12,Phichit,Northern,41.13,23691,59441,59441,0,106.48,106.48,0
2020,12,Roi Et,Northeastern,40.95,32321,84050,84050,0,111.06,111.06,0
2020,12,Si Sa Ket,Northeastern,41.41,24940,69434,69434,0,90.08,90.08,0
2020,12,Sing Buri,Central,28.45,6422,27403,27403,0,47.01,47.01,0
2020,12,Uthai Thani,Northern,42.76,20269,53344,53344,0,91.09,91.09,0
2020,12,Uttaradit,Northern,41.52,46310,66533,66533,0,110.71,110.71,0
2020,12,Yasothon,Northeastern,35.43,13667,41960,41960,0,42.11,42.11,0
2020,1,Amnat Charoen,Northeastern,58.36,8260,21009,20220,789,33.02,31.29,1.73
2020,1,Ang Thong,Central,63.97,16084,97978,93280,4698,125.87,120.59,5.28
2020,1,Ayutthaya,Central,66.07,107777,741902,556141,185761,1462.74,1059.24,403.5
2020,1,Bangkok,Central,89.36,3213765,6046765,3573040,2473725,88202.89,31137.65,57065.24
2020,1,Bueng Kan,Northeastern,72.86,37457,66078,65801,277,138.08,137.43,0.65
2020,1,Buriram,Northeastern,65.4,94359,159289,154482,4807,338.49,331.54,6.95
2020,1,Chachoengsao,Eastern,55.42,36156,268543,264901,3642,296.47,291.73,4.74
2020,1,Chai Nat,Central,73.47,23128,72893,72380,513,91.93,91.09,0.84
2020,1,Chaiyaphum,Northeastern,61.26,70023,130777,130071,706,178.31,176.46,1.85
2020,1,Chanthaburi,Eastern,76.36,126987,300501,293389,7112,1000.64,950.74,49.9
2020,1,Chiang Mai,Northern,85.32,822663,1047546,737588,309958,11087.86,6950.68,4137.18
2020,1,Chiang Rai,Northern,78.3,392547,436005,373814,62191,3077.95,2547.25,530.7
2020,1,Chonburi,Eastern,83.21,1329662,1585782,615982,969800,27064.45,3927.71,23136.74
2020,1,Chumphon,Southern,58.98,90484,115989,105692,10297,509.71,459.71,50
2020,1,Kalasin,Northeastern,50.42,20430,56432,55961,471,84.66,83.67,0.99
2020,1,Kamphaeng Phet,Northern,53.72,43616,71963,69852,2111,150.35,143.63,6.72
2020,1,Kanchanaburi,Central,81.92,329862,770371,725543,44828,2754.66,2505.21,249.45
2020,1,Khon Kaen,Northeastern,57.25,205657,521419,513809,7610,1653.69,1627.7,25.99
2020,1,Krabi,Southern,79.51,338142,567726,181672,386054,12505.3,3017.75,9487.55
2020,1,Lampang,Northern,72.29,64268,112377,102304,10073,327.62,276.88,50.74
2020,1,Lamphun,Northern,60.46,23987,110487,104315,6172,175.83,163.98,11.85
2020,1,Loei,Northeastern,72.31,122692,198483,195942,2541,448.01,438.75,9.26
2020,1,Lop Buri,Central,51.53,39765,242413,240280,2133,413.57,408.58,4.99
2020,1,Mae Hong Son,Northern,69.36,117691,126975,98387,28588,598.94,379.01,219.93
2020,1,Maha Sarakham,Northeastern,54.73,37569,62442,60865,1577,100.77,98.78,1.99
2020,1,Mukdahan,Northeastern,61.12,63536,194247,181131,13116,350.12,320.79,29.33
2020,1,Nakhon Nayok,Eastern,59.86,125509,265162,262943,2219,809.67,803.89,5.78
2020,1,Nakhon Pathom,Central,64.63,109852,272110,261231,10879,380.9,365.85,15.05
2020,1,Nakhon Phanom,Northeastern,63.13,45236,101079,93957,7122,211.07,201.52,9.55
2020,1,Nakhon Ratchasima,Northeastern,73.36,498547,985403,965138,20265,2479.92,2386.07,93.85
2020,1,Nakhon Sawan,Northern,61.79,116065,189972,183682,6290,350.35,341.97,8.38
2020,1,Nakhon Si Thammarat,Southern,56.04,222969,353316,343329,9987,1182.12,1148.46,33.66
2020,1,Nan,Northern,82.98,96325,115357,113177,2180,340.88,330.1,10.78
2020,1,Narathiwat,Southern,60.39,50224,61030,22468,38562,229.42,61.39,168.03
2020,1,Nong Bua Lamphu,Northeastern,53.36,12416,32414,32272,142,34.23,34.03,0.2
2020,1,Nong Khai,Northeastern,70.08,119040,261226,189542,71684,560.55,461.66,98.89
2020,1,Nonthaburi,Central,71.1,83049,308136,280170,27966,469.04,385.54,83.5
2020,1,Pathum Thani,Central,58.63,50824,238331,174404,63927,312.31,208.06,104.25
2020,1,Pattani,Southern,45.72,16725,20886,20742,144,77.57,76.93,0.64
2020,1,Phangnga,Southern,85.24,110362,499591,138124,361467,6156.91,861.82,5295.09
2020,1,Phatthalung,Southern,67.53,65735,121873,121018,855,183.61,180.93,2.68
2020,1,Phayao,Northern,66.44,31544,80242,76779,3463,148.7,144.28,4.42
2020,1,Phetchabun,Northern,72.11,199081,250520,248417,2103,872.24,866.59,5.65
2020,1,Phetchaburi,Central,72.6,326049,654478,589759,64719,2234.23,1704.79,529.44
2020,1,Phichit,Northern,54.08,45232,61863,61293,570,133.46,132.54,0.92
2020,1,Phitsanulok,Northern,69.01,192912,376176,353691,22485,971.57,898.61,72.96
2020,1,Phrae,Northern,69.13,35523,86488,77194,9294,186.09,152.77,33.32
2020,1,Phuket,Southern,87.71,1524977,1722034,316150,1405884,62468.6,4450.2,58018.4
2020,1,Prachin Buri,Eastern,67.12,87087,168750,157814,10936,490.4,456.38,34.02
2020,1,Prachuap Khiri Khan,Central,70.35,341491,576227,460687,115540,3509.89,2376.06,1133.83
2020,1,Ranong,Southern,52.8,81465,106008,99216,6792,369.34,323.26,46.08
2020,1,Ratchaburi,Central,72.78,84723,239500,235148,4352,449.36,439.39,9.97
2020,1,Rayong,Eastern,65.73,359238,617597,553520,64077,2366.44,1946.11,420.33
2020,1,Roi Et,Northeastern,58.69,42487,84003,83226,777,112.93,111.29,1.64
2020,1,Sa Kaeo,Eastern,49.25,68404,193291,162445,30846,580.4,489.95,90.45
2020,1,Sakon Nakhon,Northeastern,64.41,62304,113762,113368,394,233.37,232.2,1.17
2020,1,Samut Prakan,Central,69.55,86797,399020,202234,196786,745.26,303.53,441.73
2020,1,Samut Sakhon,Central,58.37,55591,101472,101051,421,167.13,166.41,0.72
2020,1,Samut Songkhram,Central,69.52,59982,190391,186751,3640,328.85,321.9,6.95
2020,1,Saraburi,Central,59.71,81682,195397,189741,5656,321.86,310.28,11.58
2020,1,Satun,Southern,72.77,79526,194605,175636,18969,1659.28,1563.93,95.35
2020,1,Si Sa Ket,Northeastern,65.69,43025,183945,181515,2430,276.73,270.58,6.15
2020,1,Sing Buri,Central,57.93,13873,43540,43326,214,61.74,61.4,0.34
2020,1,Songkhla,Southern,82.05,455523,827668,543218,284450,7356.25,3896.67,3459.58
2020,1,Sukhothai,Northern,66.86,80615,140701,100563,40138,322.83,192.94,129.89
2020,1,Suphan Buri,Central,85.81,86973,223794,222232,1562,469.1,466.67,2.43
2020,1,Surat Thani,Southern,69.1,444734,491605,156940,334665,9852.87,1172.06,8680.81
2020,1,Surin,Northeastern,58.12,89530,121634,118435,3199,310.63,300.52,10.11
2020,1,Tak,Northern,75.73,179957,238235,232580,5655,722.11,701.82,20.29
2020,1,Trang,Southern,67.6,125148,165681,142629,23052,1236.73,1019.8,216.93
2020,1,Trat,Eastern,72.26,184137,198359,126273,72086,1901.57,826.18,1075.39
2020,1,Ubon Ratchathani,Northeastern,71.5,135215,289283,272251,17032,926.6,846.62,79.98
2020,1,Udon Thani,Northeastern,83.19,181587,285057,268125,16932,790.75,709.88,80.87
2020,1,Uthai Thani,Northern,49.78,35301,83459,83146,313,139.77,138.69,1.08
2020,1,Uttaradit,Northern,60.58,61478,122631,121682,949,251.23,249.15,2.08
2020,1,Yala,Southern,48.36,46228,49911,8873,41038,227.8,35.24,192.56
2020,1,Yasothon,Northeastern,50.85,14569,48262,46756,1506,61.58,58.38,3.2
2020,2,Amnat Charoen,Northeastern,56.73,7510,19126,18394,732,30.23,28.57,1.66
2020,2,Ang Thong,Central,59.3,13461,76997,73479,3518,103.38,99.4,3.98
2020,2,Ayutthaya,Central,50.54,70417,375100,282929,92171,784.14,583.79,200.35
2020,2,Bangkok,Central,68.37,2388329,3525522,2259097,1266425,48826.43,18810.39,30016.04
2020,2,Bueng Kan,Northeastern,50.28,25036,43501,43335,166,92.09,91.67,0.42
2020,2,Buriram,Northeastern,60.05,83002,137005,133846,3159,282.46,277.18,5.28
2020,2,Chachoengsao,Eastern,42.51,26152,123664,122264,1400,143.84,142.04,1.8
2020,2,Chai Nat,Central,58.98,18283,54383,54023,360,71.64,71.04,0.6
2020,2,Chaiyaphum,Northeastern,40.28,40467,66801,66384,417,90.39,89.29,1.1
2020,2,Chanthaburi,Eastern,57.05,95216,262355,257162,5193,880.06,843.27,36.79
2020,2,Chiang Mai,Northern,58.47,559458,696035,530347,165688,7370.17,5130.88,2239.29
2020,2,Chiang Rai,Northern,48.63,245632,262505,228021,34484,1873,1578.33,294.67
2020,2,Chonburi,Eastern,46.07,583921,636605,329571,307034,9151.21,2213.66,6937.55
2020,2,Chumphon,Southern,49.47,72786,90369,83511,6858,390.6,356.78,33.82
2020,2,Kalasin,Northeastern,53.71,18427,56357,55963,394,83.61,82.7,0.91
2020,2,Kamphaeng Phet,Northern,45.29,34780,55715,53773,1942,116.62,110.25,6.37
2020,2,Kanchanaburi,Central,59.78,247674,546651,524705,21946,1941.2,1817.81,123.39
2020,2,Khon Kaen,Northeastern,48.3,167450,412000,406262,5738,1329.19,1310.1,19.09
2020,2,Krabi,Southern,64.85,333069,427837,209565,218272,9033.43,3630.79,5402.64
2020,2,Lampang,Northern,60.43,51479,87287,78082,9205,251.55,205.67,45.88
2020,2,Lamphun,Northern,53.84,18849,84386,79719,4667,131.49,122.48,9.01
2020,2,Loei,Northeastern,61.51,95837,155403,153612,1791,351.67,344.8,6.87
2020,2,Lop Buri,Central,52.2,35051,190373,188783,1590,319.55,315.68,3.87
2020,2,Mae Hong Son,Northern,53.52,90999,96207,74330,21877,449.48,278.79,170.69
2020,2,Maha Sarakham,Northeastern,46.09,27567,44096,43150,946,70.3,69,1.3
2020,2,Mukdahan,Northeastern,56.81,55621,170496,159435,11061,312.91,286.72,26.19
2020,2,Nakhon Nayok,Eastern,50.72,100645,201610,199829,1781,612.17,607.28,4.89
2020,2,Nakhon Pathom,Central,60.59,96051,195745,187142,8603,275.72,263.33,12.39
2020,2,Nakhon Phanom,Northeastern,62.16,44580,109137,104503,4634,233.82,227.46,6.36
2020,2,Nakhon Ratchasima,Northeastern,70.08,404857,747501,728203,19298,1932.15,1840.47,91.68
2020,2,Nakhon Sawan,Northern,56.72,100752,158447,152429,6018,294.46,286.03,8.43
2020,2,Nakhon Si Thammarat,Southern,51.4,153356,226500,218609,7891,806.59,778.82,27.77
2020,2,Nan,Northern,64.72,73239,87248,84997,2251,256.82,245.99,10.83
2020,2,Narathiwat,Southern,47.13,44755,52071,25727,26344,192.98,72.11,120.87
2020,2,Nong Bua Lamphu,Northeastern,50.27,11792,30423,30309,114,31.51,31.34,0.17
2020,2,Nong Khai,Northeastern,60.8,87202,191258,137915,53343,411.5,333.65,77.85
2020,2,Nonthaburi,Central,52.08,56271,188108,182633,5475,280.47,262.99,17.48
2020,2,Pathum Thani,Central,45.4,38020,125549,116657,8892,159.12,144.23,14.89
2020,2,Pattani,Southern,42.24,15457,19262,19015,247,73.31,72.15,1.16
2020,2,Phangnga,Southern,61.64,80645,258799,75732,183067,3437.3,470.74,2966.56
2020,2,Phatthalung,Southern,58.48,54688,94205,93606,599,147.34,145.35,1.99
2020,2,Phayao,Northern,53.02,23868,56012,53537,2475,103.38,99.99,3.39
2020,2,Phetchabun,Northern,55.76,146577,176028,174458,1570,608.41,603.99,4.42
2020,2,Phetchaburi,Central,61.09,268846,531193,500721,30472,1704.79,1467.89,236.9
2020,2,Phichit,Northern,47.29,38839,52701,52330,371,111.8,111.22,0.58
2020,2,Phitsanulok,Northern,58.64,157604,295413,276914,18499,762.32,702.62,59.7
2020,2,Phrae,Northern,53.16,27037,63890,56343,7547,139.63,112.13,27.5
2020,2,Phuket,Southern,56.13,853419,889508,294633,594875,29126.7,4211.59,24915.11
2020,2,Prachin Buri,Eastern,46.87,60975,108111,102019,6092,302.75,282.73,20.02
2020,2,Prachuap Khiri Khan,Central,53.11,234637,389358,329446,59912,2338.97,1745.55,593.42
2020,2,Ranong,Southern,57.67,77074,98829,92304,6525,354.04,308.09,45.95
2020,2,Ratchaburi,Central,50.34,47897,124885,122819,2066,246.03,240.9,5.13
2020,2,Rayong,Eastern,53.95,285075,457634,415288,42346,1772.65,1490.33,282.32
2020,2,Roi Et,Northeastern,49.77,34261,66867,66255,612,90.65,89.36,1.29
2020,2,Sa Kaeo,Eastern,44.43,56015,140688,136056,4632,423.8,410.96,12.84
2020,2,Sakon Nakhon,Northeastern,54.93,51270,90256,89989,267,187.99,187.1,0.89
2020,2,Samut Prakan,Central,46.98,59573,189176,89213,99963,365.53,130.51,235.02
2020,2,Samut Sakhon,Central,61.43,53604,84621,84329,292,144.37,143.85,0.52
2020,2,Samut Songkhram,Central,61.11,51832,159881,157065,2816,274.58,269.28,5.3
2020,2,Saraburi,Central,50.91,62116,125859,123787,2072,215.48,211.19,4.29
2020,2,Satun,Southern,67.32,62626,143598,130525,13073,1180.06,1111.31,68.75
2020,2,Si Sa Ket,Northeastern,59.38,35864,149774,147936,1838,228.87,223.94,4.93
2020,2,Sing Buri,Central,54.21,12417,35266,35109,157,50.77,50.49,0.28
2020,2,Songkhla,Southern,47.71,262792,321741,224797,96944,2876.97,1624.1,1252.87
2020,2,Sukhothai,Northern,56.87,66541,113202,75373,37829,269.31,143.1,126.21
2020,2,Suphan Buri,Central,71.95,69809,165744,164644,1100,343.36,341.55,1.81
2020,2,Surat Thani,Southern,60.55,363612,365521,168436,197085,6620.44,1286.6,5333.84
2020,2,Surin,Northeastern,55.35,70264,93827,91310,2517,226.86,218.08,8.78
2020,2,Tak,Northern,65.23,147648,194219,189857,4362,557.85,541.98,15.87
2020,2,Trang,Southern,63.38,108572,132492,110438,22054,995.4,776.36,219.04
2020,2,Trat,Eastern,67.36,136968,148117,92557,55560,1409.87,598.74,811.13
2020,2,Ubon Ratchathani,Northeastern,63.04,105265,228071,213551,14520,736.14,666.16,69.98
2020,2,Udon Thani,Northeastern,79.67,156229,238576,224242,14334,640.72,570.28,70.44
2020,2,Uthai Thani,Northern,48.17,31556,73017,72761,256,120.11,119.21,0.9
2020,2,Uttaradit,Northern,49.35,48167,91269,90504,765,187.16,185.41,1.75
2020,2,Yala,Southern,29.48,26959,28277,8288,19989,130.14,34.11,96.03
2020,2,Yasothon,Northeastern,53.86,13159,45530,44114,1416,59.21,56,3.21
2020,3,Amnat Charoen,Northeastern,9.42,1295,3199,3117,82,4.75,4.57,0.18
2020,3,Ang Thong,Central,8.63,2025,13506,13463,43,16.49,16.44,0.05
2020,3,Ayutthaya,Central,17.77,29532,63597,55179,8418,123.84,105.72,18.12
2020,3,Bangkok,Central,18.43,601577,1184699,816815,367884,14740.85,6403.18,8337.67
2020,3,Bueng Kan,Northeastern,13.16,7461,13305,13279,26,24.85,24.79,0.06
2020,3,Buriram,Northeastern,9.7,15274,25658,25370,288,44.81,44.42,0.39
2020,3,Chachoengsao,Eastern,9.42,5996,40922,40848,74,46.1,46.01,0.09
2020,3,Chai Nat,Central,10.92,3363,10295,10227,68,13.16,13.05,0.11
2020,3,Chaiyaphum,Northeastern,12.06,12328,23996,23447,549,30.53,29.42,1.11
2020,3,Chanthaburi,Eastern,22.01,41984,79427,79361,66,227.46,227.01,0.45
2020,3,Chiang Mai,Northern,24.32,355162,411040,351724,59316,3505.46,2741.71,763.75
2020,3,Chiang Rai,Northern,22.58,170335,175695,167310,8385,1097.22,1028.26,68.96
2020,3,Chonburi,Eastern,20.45,395701,435885,360208,75677,3731.03,1898.13,1832.9
2020,3,Chumphon,Southern,21.53,33032,41173,38927,2246,165.94,155.21,10.73
2020,3,Kalasin,Northeastern,11.07,4112,11147,11134,13,15.54,15.52,0.02
2020,3,Kamphaeng Phet,Northern,14.83,19848,31742,31559,183,61.07,60.51,0.56
2020,3,Kanchanaburi,Central,17.77,144292,286409,275342,11067,906.36,842.03,64.33
2020,3,Khon Kaen,Northeastern,17.12,60261,159218,157886,1332,456.35,452.06,4.29
2020,3,Krabi,Southern,20.1,112978,161729,142746,18983,2393.23,1943.69,449.54
2020,3,Lampang,Northern,28.53,33368,46181,44585,1596,113.33,105.49,7.84
2020,3,Lamphun,Northern,23.6,12423,36131,35831,300,51.79,51.24,0.55
2020,3,Loei,Northeastern,8.54,14048,23005,22868,137,45.45,44.98,0.47
2020,3,Lop Buri,Central,19.78,14581,78793,78385,408,138.97,138.05,0.92
2020,3,Mae Hong Son,Northern,10.85,34613,36024,31688,4336,140.32,108.54,31.78
2020,3,Maha Sarakham,Northeastern,9.88,6528,11152,10968,184,16.98,16.74,0.24
2020,3,Mukdahan,Northeastern,14.75,16479,50071,48153,1918,78.64,74.43,4.21
2020,3,Nakhon Nayok,Eastern,22.7,71912,127611,127459,152,372.08,371.71,0.37
2020,3,Nakhon Pathom,Central,19.98,32404,77042,76549,493,109.1,108.41,0.69
2020,3,Nakhon Phanom,Northeastern,16.27,12044,26771,25910,861,52.01,50.96,1.05
2020,3,Nakhon Ratchasima,Northeastern,20.34,133757,210672,205743,4929,468.69,445.91,22.78
2020,3,Nakhon Sawan,Northern,20.76,49958,68791,68496,295,117.85,117.46,0.39
2020,3,Nakhon Si Thammarat,Southern,20.17,76650,133022,129239,3783,451.65,438.99,12.66
2020,3,Nan,Northern,23.02,38213,40195,39804,391,105.29,103.47,1.82
2020,3,Narathiwat,Southern,19.88,20614,27466,11675,15791,94.97,27.58,67.39
2020,3,Nong Bua Lamphu,Northeastern,5.98,1445,3693,3688,5,3.96,3.95,0.01
2020,3,Nong Khai,Northeastern,10.92,16697,33311,26849,6462,67.25,58.51,8.74
2020,3,Nonthaburi,Central,7.88,8526,40214,37510,2704,56.28,48.04,8.24
2020,3,Pathum Thani,Central,6.81,5466,17862,15908,1954,22.81,19.56,3.25
2020,3,Pattani,Southern,24.94,9582,12146,12062,84,44.62,44.26,0.36
2020,3,Phangnga,Southern,22.31,31591,64015,42625,21390,537.31,235.76,301.55
2020,3,Phatthalung,Southern,19.88,20396,37646,37577,69,53.97,53.78,0.19
2020,3,Phayao,Northern,22.83,15090,24203,24174,29,41.34,41.3,0.04
2020,3,Phetchabun,Northern,30.58,104893,121647,121440,207,378.89,378.35,0.54
2020,3,Phetchaburi,Central,26.05,162949,230838,219100,11738,595.93,510.2,85.73
2020,3,Phichit,Northern,17.54,17828,22190,22168,22,44.34,44.31,0.03
2020,3,Phitsanulok,Northern,34.12,112834,140642,137492,3150,323.93,314.49,9.44
2020,3,Phrae,Northern,17.89,15969,24777,23679,1098,45.47,41.51,3.96
2020,3,Phuket,Southern,26.53,354012,390057,294931,95126,7239.31,3374.03,3865.28
2020,3,Prachin Buri,Eastern,24.63,42395,66725,64843,1882,188.94,183.05,5.89
2020,3,Prachuap Khiri Khan,Central,22.5,126196,206331,194789,11542,950.19,824.34,125.85
2020,3,Ranong,Southern,16.21,24758,33188,32359,829,100.13,94.72,5.41
2020,3,Ratchaburi,Central,21.6,31770,71160,70692,468,125.93,124.99,0.94
2020,3,Rayong,Eastern,24.83,167636,215401,202335,13066,701.83,616.26,85.57
2020,3,Roi Et,Northeastern,14.32,8418,16642,16497,145,20.91,20.6,0.31
2020,3,Sa Kaeo,Eastern,20.84,36480,65144,64282,862,193.12,190.61,2.51
2020,3,Sakon Nakhon,Northeastern,13.44,14135,25648,25622,26,47.13,47.06,0.07
2020,3,Samut Prakan,Central,12.96,20017,55191,45861,9330,83.04,62.86,20.18
2020,3,Samut Sakhon,Central,11.48,10745,19550,19531,19,31.8,31.77,0.03
2020,3,Samut Songkhram,Central,21.56,28963,62330,60576,1754,97.28,94,3.28
2020,3,Saraburi,Central,13.1,16991,39356,38758,598,66.3,65.09,1.21
2020,3,Satun,Southern,20.93,23815,47899,43385,4514,341.22,319.93,21.29
2020,3,Si Sa Ket,Northeastern,15.52,9395,41154,40968,186,54.69,54.22,0.47
2020,3,Sing Buri,Central,16.9,4079,13946,13887,59,18.93,18.84,0.09
2020,3,Songkhla,Southern,19.67,110982,204614,150759,53855,1584.53,948.13,636.4
2020,3,Sukhothai,Northern,14.85,26484,34927,29708,5219,68.52,51.85,16.67
2020,3,Suphan Buri,Central,32.63,42559,76234,75601,633,157.76,156.84,0.92
2020,3,Surat Thani,Southern,23.76,119803,133074,89211,43863,1673.92,601.16,1072.76
2020,3,Surin,Northeastern,13.84,19765,26589,26196,393,61.21,59.99,1.22
2020,3,Tak,Northern,32.47,93563,112520,111678,842,302.7,299.91,2.79
2020,3,Trang,Southern,22.34,40328,51544,48134,3410,326.15,296.17,29.98
2020,3,Trat,Eastern,25.13,77163,72217,51632,20585,589.32,289.69,299.63
2020,3,Ubon Ratchathani,Northeastern,16.16,30248,66228,63244,2984,180.29,167.03,13.26
2020,3,Udon Thani,Northeastern,12.08,25455,40606,37282,3324,106.62,91.13,15.49
2020,3,Uthai Thani,Northern,16.49,16303,26916,26864,52,42.53,42.35,0.18
2020,3,Uttaradit,Northern,11.83,18557,33424,33342,82,63.52,63.34,0.18
2020,3,Yala,Southern,24.07,22779,24289,2358,21931,108.71,9.39,99.32
2020,3,Yasothon,Northeastern,10.04,2712,9698,9682,16,11.58,11.55,0.03
2020,4,Ayutthaya,Central,0.02,18,18,14,4,0.07,0.02,0.05
2020,4,Bangkok,Central,8.28,252452,252452,109420,143032,8147.07,434.06,7713.01
2020,4,Chiang Mai,Northern,0.78,3523,3523,2707,816,41.14,19.46,21.68
2020,4,Chiang Rai,Northern,1.14,2113,2113,1311,802,28.46,7.16,21.3
2020,4,Chonburi,Eastern,1.54,10275,10275,0,10275,573.5,0,573.5
2020,4,Kamphaeng Phet,Northern,1.97,589,589,556,33,1.92,1.04,0.88
2020,4,Krabi,Southern,0.09,391,391,0,391,25.38,0,25.38
2020,4,Mae Hong Son,Northern,1.42,1162,1162,974,188,8.14,3.15,4.99
2020,4,Nakhon Sawan,Northern,3.24,1893,1893,1870,23,3.9,3.29,0.61
2020,4,Narathiwat,Southern,0.03,25,25,0,25,1.62,0,1.62
2020,4,Pattani,Southern,0.1,35,35,0,35,2.27,0,2.27
2020,4,Phangnga,Southern,1.4,1479,1479,0,1479,96.02,0,96.02
2020,4,Phayao,Northern,0.86,10,10,0,10,0.52,0.25,0.27
2020,4,Phetchabun,Northern,0.52,6,6,0,6,1.8,1.64,0.16
2020,4,Phetchaburi,Central,0,109,109,0,109,3.09,0,3.09
2020,4,Phichit,Northern,2.07,17,17,0,17,0.98,0.53,0.45
2020,4,Phitsanulok,Northern,2.12,2084,2084,1981,103,6.58,3.84,2.74
2020,4,Phuket,Southern,0.35,4281,4281,0,4281,277.92,0,277.92
2020,4,Prachin Buri,Eastern,0.02,20,20,0,20,1.11,0,1.11
2020,4,Prachuap Khiri Khan,Central,0,419,419,0,419,11.87,0,11.87
2020,4,Ranong,Southern,0.13,316,316,300,16,1.31,0.27,1.04
2020,4,Roi Et,Northeastern,0.04,26,26,0,26,0.28,0,0.28
2020,4,Samut Songkhram,Central,0.01,8,8,0,8,0.23,0,0.23
2020,4,Satun,Southern,0.1,84,84,0,84,5.45,0,5.45
2020,4,Songkhla,Southern,0.1,528,528,0,528,39.52,5.24,34.28
2020,4,Sukhothai,Northern,0.31,369,369,307,62,2.19,0.54,1.65
2020,4,Surat Thani,Southern,2,10741,10741,563,10178,660.75,0,660.75
2020,4,Trang,Southern,0.04,252,252,0,252,16.36,0,16.36
2020,4,Trat,Eastern,0.25,592,592,0,592,32.8,0,32.8
2020,4,Uttaradit,Northern,2.48,873,873,856,17,2.34,1.89,0.45
2020,4,Yala,Southern,0.1,56,56,0,56,3.64,0,3.64
2020,5,Bangkok,Central,11.27,424761,516530,378984,137546,8720.92,1653.74,7067.18
2020,5,Chiang Mai,Northern,1.73,16125,12212,11629,583,98.88,83.39,15.49
2020,5,Chiang Rai,Northern,6.84,10929,10929,10562,367,63.68,53.93,9.75
2020,5,Chonburi,Eastern,0.77,14860,18220,8116,10104,601.91,37.95,563.96
2020,5,Krabi,Southern,0.04,195,198,0,198,12.85,0,12.85
2020,5,Nakhon Sawan,Northern,10.43,6877,6877,6865,12,12.54,12.44,0.1
2020,5,Phangnga,Southern,0.9,1133,1135,0,1135,73.69,0,73.69
2020,5,Phayao,Northern,9.73,2335,2335,2330,5,4,3.96,0.04
2020,5,Phetchaburi,Central,0.36,1645,1670,1645,25,4.38,3.67,0.71
2020,5,Phitsanulok,Northern,10.35,9502,9502,9410,92,17.96,15.68,2.28
2020,5,Phuket,Southern,0.28,3621,3941,0,3941,255.85,0,255.85
2020,5,Prachin Buri,Eastern,0.68,1295,1295,1275,20,3.64,3.1,0.54
2020,5,Prachuap Khiri Khan,Central,0.7,3572,3785,3572,213,17.86,11.83,6.03
2020,5,Ranong,Southern,0.21,231,231,0,231,9.01,0,9.01
2020,5,Roi Et,Northeastern,1.64,1190,1192,1190,2,1.61,1.59,0.02
2020,5,Satun,Southern,0.07,84,95,0,95,2.39,0,2.39
2020,5,Songkhla,Southern,0.09,528,531,0,531,34.47,0,34.47
2020,5,Sukhothai,Northern,9.55,4240,4240,4202,38,7.38,6.85,0.53
2020,5,Surat Thani,Southern,1.78,8239,8239,0,8239,534.87,0,534.87
2020,5,Trang,Southern,0.07,93,94,0,94,3.11,0,3.11
2020,5,Trat,Eastern,0.12,293,293,0,293,16.23,0,16.23
2020,5,Uttaradit,Northern,6.54,1988,1988,1979,9,3.96,3.89,0.07
2020,5,Yala,Southern,0.37,366,387,330,57,2.47,0.85,1.62
2020,6,Ayutthaya,Central,11.03,13005,49438,49268,170,88.51,88.22,0.29
2020,6,Bangkok,Central,13.07,476161,878018,795125,82893,7207.94,5189.09,2018.85
2020,6,Chiang Mai,Northern,15.12,110139,153646,151620,2026,1136.41,1126.37,10.04
2020,6,Chiang Rai,Northern,19.78,48372,69652,68637,1015,367.56,363.02,4.54
2020,6,Chonburi,Eastern,23.67,295090,211505,194406,17099,1291.3,895.64,395.66
2020,6,Kamphaeng Phet,Northern,12.54,6170,13289,13165,124,27.01,26.86,0.15
2020,6,Lampang,Northern,20.14,7238,16496,15704,792,42.35,40.11,2.24
2020,6,Lamphun,Northern,15.39,3180,19763,18866,897,22.92,21.85,1.07
2020,6,Mae Hong Son,Northern,6.58,9123,10849,10214,635,39.33,36.61,2.72
2020,6,Nakhon Sawan,Northern,20.56,18657,54855,54331,524,100.79,99.99,0.8
2020,6,Nan,Northern,27.62,10617,18489,18423,66,49.75,49.64,0.11
2020,6,Phangnga,Southern,13.14,14736,16639,15591,1048,102.58,65.26,37.32
2020,6,Phayao,Northern,14.78,4564,10785,10481,304,18.61,18.17,0.44
2020,6,Phetchabun,Northern,29.34,32079,43367,42819,548,107.84,106.8,1.04
2020,6,Phitsanulok,Northern,25.17,34987,75841,75578,263,130.3,129.67,0.63
2020,6,Phuket,Southern,5.59,72953,79787,79309,478,836.91,829.55,7.36
2020,6,Prachin Buri,Eastern,9.24,10199,29231,29215,16,71.78,71.69,0.09
2020,6,Prachuap Khiri Khan,Central,23.6,123905,220118,219957,161,800.36,798.31,2.05
2020,6,Samut Sakhon,Central,10.92,8301,11795,11771,24,17.76,17.72,0.04
2020,6,Sukhothai,Northern,18.06,14942,37824,36779,1045,63.02,61.31,1.71
2020,6,Surat Thani,Southern,1.8,18742,28101,24814,3287,209.06,163.5,45.56
2020,6,Tak,Northern,14.8,24479,37914,37754,160,101.42,101.2,0.22
2020,6,Trat,Eastern,22.77,37762,41158,40843,315,268.57,263.4,5.17
2020,7,Ayutthaya,Central,38.79,52072,342259,342138,121,487.3,487.12,0.18
2020,7,Bangkok,Central,17.93,643740,1028230,974554,53676,9749.7,8348.66,1401.04
2020,7,Chiang Mai,Northern,44.36,357496,403825,401316,2509,2974.9,2958.86,16.04
2020,7,Chiang Rai,Northern,40.51,134159,147357,146320,1037,870.57,865.52,5.05
2020,7,Chonburi,Eastern,23.14,371657,460470,447880,12590,2120.04,1956.04,164
2020,7,Kamphaeng Phet,Northern,34.83,18865,33627,33510,117,54.54,54.42,0.12
2020,7,Krabi,Southern,6.37,33488,45045,44913,132,610.81,608.93,1.88
2020,7,Lampang,Northern,40.38,23547,60658,59721,937,163.21,160.06,3.15
2020,7,Lamphun,Northern,38.54,10685,60836,60169,667,58.67,58,0.67
2020,7,Loei,Northeastern,31.03,47648,95378,95372,6,163.63,163.6,0.03
2020,7,Mae Hong Son,Northern,18.23,23166,23893,23295,598,80.36,77.34,3.02
2020,7,Nakhon Sawan,Northern,37.28,42279,71230,70848,382,124.62,124.02,0.6
2020,7,Nan,Northern,50.78,28852,41341,41288,53,86.87,86.74,0.13
2020,7,Nonthaburi,Central,19.57,21787,95810,95652,158,113.27,113.09,0.18
2020,7,Phangnga,Southern,8.49,13829,34564,33731,833,126.28,114.91,11.37
2020,7,Phayao,Northern,34.86,12058,33789,33504,285,68.78,68.41,0.37
2020,7,Phetchabun,Northern,45.28,86319,106008,105382,626,251.7,249.81,1.89
2020,7,Phitsanulok,Northern,42.8,78966,147484,147263,221,292.27,291.78,0.49
2020,7,Phuket,Southern,5.13,57992,76186,75845,341,790.12,784.03,6.09
2020,7,Prachin Buri,Eastern,42.52,56154,86332,86312,20,239.18,239.07,0.11
2020,7,Prachuap Khiri Khan,Central,40.99,224481,393239,393124,115,1396.62,1394.83,1.79
2020,7,Satun,Southern,28.15,31014,51034,50929,105,159.86,159.54,0.32
2020,7,Songkhla,Southern,30.46,183480,344347,344180,167,2228.44,2226.72,1.72
2020,7,Sukhothai,Northern,40.62,42207,56388,55281,1107,99.2,96.53,2.67
2020,7,Surat Thani,Southern,11.42,90399,112039,104122,7917,752.02,607.43,144.59
2020,7,Tak,Northern,42.63,68984,92466,92322,144,264.47,264.24,0.23
2020,7,Trat,Eastern,39.53,98169,105270,104929,341,649.97,644.44,5.53
2020,8,Ayutthaya,Central,41.86,57745,397232,397058,174,509.04,508.78,0.26
2020,8,Bangkok,Central,20.63,780196,1799201,1749507,49694,15276.51,14263.35,1013.16
2020,8,Bueng Kan,Northeastern,37.85,16192,26984,26978,6,38.09,38.07,0.02
2020,8,Buriram,Northeastern,33.6,51947,84198,84125,73,118.19,118.04,0.15
2020,8,Chiang Mai,Northern,41.58,332872,375966,373329,2637,2495.44,2477.26,18.18
2020,8,Chiang Rai,Northern,39.12,132684,143607,142504,1103,766.35,758.65,7.7
2020,8,Chonburi,Eastern,29.19,418485,574334,563924,10410,2365.11,2216.56,148.55
2020,8,Kamphaeng Phet,Northern,32.47,17685,30994,30898,96,45.26,45.16,0.1
2020,8,Kanchanaburi,Central,50.85,181482,639974,639769,205,1280.98,1279.44,1.54
2020,8,Khon Kaen,Northeastern,39.42,138790,241433,241357,76,679.55,679.27,0.28
2020,8,Krabi,Southern,8.25,41409,53591,53493,98,653.86,652.73,1.13
2020,8,Lampang,Northern,41.64,24814,59530,58758,772,151.61,149.61,2
2020,8,Lamphun,Northern,39.84,11241,54722,54189,533,50.13,49.62,0.51
2020,8,Loei,Northeastern,33.17,56511,113133,113073,60,174.73,174.57,0.16
2020,8,Mae Hong Son,Northern,22.03,24348,25010,24342,668,80.15,76.78,3.37
2020,8,Nakhon Phanom,Northeastern,40.05,26147,63369,63275,94,91.03,90.73,0.3
2020,8,Nakhon Ratchasima,Northeastern,46.12,317162,567554,565721,1833,1210.22,1201.26,8.96
2020,8,Nakhon Sawan,Northern,40.76,46594,68528,68216,312,113.91,113.44,0.47
2020,8,Nan,Northern,46.53,26918,37414,37341,73,70.78,70.6,0.18
2020,8,Nong Bua Lamphu,Northeastern,22.61,6190,13445,13440,5,11.55,11.54,0.01
2020,8,Nong Khai,Northeastern,41.69,66447,104557,104431,126,204.18,203.76,0.42
2020,8,Nonthaburi,Central,26.84,31227,130004,129875,129,138.35,138.2,0.15
2020,8,Phangnga,Southern,9.57,15316,38890,38396,494,132.29,124.26,8.03
2020,8,Phayao,Northern,37.48,13629,33714,33518,196,65.27,65.02,0.25
2020,8,Phetchabun,Northern,40.02,80240,96640,96132,508,218.08,216.49,1.59
2020,8,Phetchaburi,Central,52.32,246334,563634,563440,194,1376.17,1373.9,2.27
2020,8,Phitsanulok,Northern,44.35,83970,139576,139408,168,262.79,262.41,0.38
2020,8,Phuket,Southern,7.3,82086,104820,104275,545,979.57,970.13,9.44
2020,8,Prachin Buri,Eastern,38.97,51381,78993,78973,20,196.98,196.87,0.11
2020,8,Prachuap Khiri Khan,Central,37.69,215954,430193,429965,228,1376.63,1372.99,3.64
2020,8,Sakon Nakhon,Northeastern,41.91,39016,85476,85406,70,79.82,79.7,0.12
2020,8,Satun,Southern,29.33,29765,52016,51924,92,146.73,146.39,0.34
2020,8,Songkhla,Southern,28.17,136133,287446,287163,283,1673.6,1672.06,1.54
2020,8,Sukhothai,Northern,37.04,37027,48211,47298,913,76.58,74.33,2.25
2020,8,Surat Thani,Southern,12.81,100977,123833,115899,7934,781.78,642.33,139.45
2020,8,Surin,Northeastern,31.36,50347,65951,65905,46,99.11,98.99,0.12
2020,8,Tak,Northern,43.21,70210,85989,85857,132,233.68,233.45,0.23
2020,8,Trat,Eastern,32.88,94544,101393,101242,151,593.08,590.71,2.37
2020,8,Ubon Ratchathani,Northeastern,35.96,62374,105301,105260,41,193.47,193.31,0.16
2020,8,Udon Thani,Northeastern,49.41,122858,232566,232397,169,546.3,545.74,0.56
2020,9,Ayutthaya,Central,43.37,60011,405725,405311,414,523.63,522.76,0.87
2020,9,Bangkok,Central,20.4,764077,1782451,1728642,53809,15065.48,14106.67,958.81
2020,9,Bueng Kan,Northeastern,39.14,17150,28886,28872,14,43.3,43.27,0.03
2020,9,Buriram,Northeastern,35.57,52691,85382,85339,43,133.72,133.61,0.11
2020,9,Chachoengsao,Eastern,24.72,17957,239974,239966,8,320.76,320.75,0.01
2020,9,Chiang Mai,Northern,40.03,300060,331013,326939,4074,2456.25,2427.37,28.88
2020,9,Chiang Rai,Northern,41.69,139458,151398,150494,904,977.72,971.71,6.01
2020,9,Chonburi,Eastern,29.07,393027,576005,565294,10711,2360.71,2248.62,112.09
2020,9,Kamphaeng Phet,Northern,34.52,19259,33783,33666,117,51.84,51.72,0.12
2020,9,Kanchanaburi,Central,51.9,188828,686014,685821,193,1386.65,1385.42,1.23
2020,9,Khon Kaen,Northeastern,41.05,140327,244083,244002,81,758.12,757.8,0.32
2020,9,Krabi,Southern,7.72,36347,48796,47814,982,556.55,544.15,12.4
2020,9,Lampang,Northern,46.25,28987,67378,66585,793,185.83,183.87,1.96
2020,9,Lamphun,Northern,42.56,12436,57450,56998,452,57.66,57.23,0.43
2020,9,Loei,Northeastern,34.47,55228,112537,112474,63,168.27,168.09,0.18
2020,9,Lop Buri,Central,31.58,22268,159479,159385,94,172.61,172.49,0.12
2020,9,Mae Hong Son,Northern,22.04,25267,25945,25225,720,100.05,96.27,3.78
2020,9,Nakhon Pathom,Central,38.94,59495,182255,182105,150,219.31,219.07,0.24
2020,9,Nakhon Phanom,Northeastern,41.57,25827,62954,62889,65,100.31,100.1,0.21
2020,9,Nakhon Ratchasima,Northeastern,47.46,320656,561001,559625,1376,1202.34,1195.9,6.44
2020,9,Nakhon Sawan,Northern,41.37,48624,71803,71550,253,128.3,127.92,0.38
2020,9,Nan,Northern,47.32,28416,39353,39330,23,80.15,80.07,0.08
2020,9,Nong Bua Lamphu,Northeastern,26.51,6814,14281,14246,35,12.33,12.27,0.06
2020,9,Nong Khai,Northeastern,41.78,63730,100287,100168,119,193.69,193.33,0.36
2020,9,Phangnga,Southern,12.34,19873,51065,50809,256,182.13,179.64,2.49
2020,9,Phayao,Northern,36.04,13025,33368,33154,214,70.57,70.31,0.26
2020,9,Phetchabun,Northern,42.7,82940,99104,98654,450,228.18,226.85,1.33
2020,9,Phetchaburi,Central,53.1,250890,534233,533799,434,1289.06,1283.98,5.08
2020,9,Phitsanulok,Northern,48.57,92613,150674,150418,256,302.88,302.29,0.59
2020,9,Phuket,Southern,10.86,129927,162323,161848,475,1551.7,1541.2,10.5
2020,9,Prachuap Khiri Khan,Central,37.99,204470,369834,369585,249,1169.1,1165.13,3.97
2020,9,Sakon Nakhon,Northeastern,43.02,40289,87148,87064,84,141.9,141.78,0.12
2020,9,Samut Sakhon,Central,23.42,19697,45997,45916,81,46.77,46.68,0.09
2020,9,Satun,Southern,30.38,35403,60503,60431,72,182.38,182.19,0.19
2020,9,Songkhla,Southern,27.21,142006,300387,300162,225,1939.36,1937.76,1.6
2020,9,Sukhothai,Northern,40.28,39580,50578,50439,139,91.5,91.15,0.35
2020,9,Suphan Buri,Central,45.73,36606,123743,122385,1358,157.71,154.47,3.24
2020,9,Surat Thani,Southern,13.43,106453,130573,124749,5824,755.05,699.47,55.58
2020,9,Surin,Northeastern,33.13,51598,67589,67551,38,100.05,99.96,0.09
